CME_num,LASCO_Start,Start_Date,Arrival_Date,PE_duration,Arrival_v,Transit_time,Transit_time_err,LASCO_Date,LASCO_v,LASCO_pa,LASCO_da,LASCO_halo,v_r,v_r_err,Theta_source,Phi_source,source_err,POS_source_angle,rel_wid,Mass,SW_type,Bz,DST,v_r_stat,Accel.,Analyitic_w,Analyitic_gamma,filename,Wind speed,Wind dens
index,datetime,datetime,datetime,hours,km/s,hours,hours,datetime,km/s,deg,deg,,km/s,km/s,arcsec,arcsec,arcsec,deg,rad,g,,nT,nT,km/s,m/s^2,km/s,km^-1,,km/s,1/cm^3
1,1997-01-06 16:23:38.000,1997-01-07 08:35:05.600,1997-01-10 04:00:00,22.0,450,67.41499999999999,4.8468,1997-01-06 15:10:42,136.0,-9999.0,360.0,FH,190.53,60.452,25.21014298570143,-3.2217961203879613,43.5007998158663,64.59817956074806,0.5585053606381855,580000000000000.0,S,14,-78.0,181.172,0,0,0,CME_01_param_inv.txt,      353.462,      7.09539
2,1997-02-07 01:30:05.000,1997-02-07 07:35:12.440,1997-02-10 02:00:00,17.0,450,66.41305555555556,0.5358,1997-02-07 00:30:05,490.0,-9999.0,360.0,FH,705.35,104.89,53.055792710364486,-7.993756812159392,20.0,36.52667087322963,0.7853981633974483,4100000000000000.0,S,8,-68.0,544.73,17.923,0,0,CME_02_param_inv.txt,      393.846,      5.08077
3,1997-04-07 14:27:44.000,1997-04-07 17:26:59.000,1997-04-11 06:00:00,13.0,460,84.55027777777778,0.31099,1997-04-07 14:27:44,878.0,-9999.0,360.0,FH,1133.7,245.12,14.917489125543721,-25.97292385380731,20.0,60.30821721960983,1.1519173063162575,1e+16,S,20,-82.0,943.2059999999999,8.9076,0,0,CME_03_param_inv.txt,      404.692,      4.39769
4,1997-05-12 06:30:09.000,1997-05-12 09:00:08.640,1997-05-15 09:00:00,15.0,450,71.9975,0.67418,1997-05-12 05:30:05,464.0,-9999.0,360.0,FH,774.63,202.88,6.568649217539123,21.39330033498325,20.0,67.66628713955372,0.7853981633974483,4200000000000000.0,S,21,-115.0,518.028,0,395.56,6.0698e-08,CME_04_param_inv.txt,      304.923,      10.4338
5,1997-05-21 22:00:05.000,1997-05-22 07:41:17.480,1997-05-26 16:00:00,18.0,340,104.31166666666667,0.35945,1997-05-21 21:00:53,296.0,263.0,165.0,PH,354.13,46.671,-63.993600639936005,-35.99640035996401,20.0,20.777946179371117,0.5585053606381855,2200000000000000.0,S,10,-74.0,345.49199999999996,2.5211,0,0,CME_05_param_inv.txt,      320.000,      17.0354
6,1997-07-30 04:45:47.000,1997-07-31 00:19:26.600,1997-08-03 13:00:00,14.0,400,84.67583333333333,3.0542,1997-07-30 04:45:47,104.0,-9999.0,360.0,FH,157.85,26.257,-0.9836613169341545,24.341924903754812,20.0,65.63941772463357,0.5585053606381855,820000000000000.0,S,16,-48.0,148.308,0,0,0,CME_06_param_inv.txt,      340.692,      6.21538
7,1997-08-30 01:30:35.000,1997-08-30 06:56:41.000,1997-09-03 13:00:00,8.0,410,102.05527777777777,1.1642,1997-08-30 01:30:35,371.0,-9999.0,360.0,FH,557.61,126.31,4.355533823308834,21.487863106844657,20.0,68.09564568426921,0.7853981633974483,1700000000000000.0,S,14,-98.0,422.517,0,0,0,CME_07_param_inv.txt,      423.538,      5.71769
8,1997-09-17 21:28:13.000,1997-09-18 01:21:42.760,1997-09-21 21:00:00,19.0,440,91.63805555555555,0.57885,1997-09-17 20:28:48,377.0,-9999.0,360.0,FH,545.09,72.859,42.19533462217926,8.424222192593582,20.0,47.12718349111249,0.7853981633974483,2600000000000000.0,S,16,-36.0,428.679,0,0,0,CME_08_param_inv.txt,      315.000,      11.5969
9,1997-09-28 01:08:33.000,1997-09-28 06:02:03.120,1997-10-01 16:00:00,31.0,450,81.96555555555555,0.63679,1997-09-28 01:08:33,359.0,-9999.0,360.0,FH,603.39,81.782,12.472258774122588,-10.361526847315268,20.0,73.83789510050167,0.7853981633974483,4000000000000000.0,S,10,-98.0,410.193,0,448.39,2.0866e-06,CME_09_param_inv.txt,      471.462,      7.34077
10,1997-10-06 15:28:20.000,1997-10-06 23:13:39.440,1997-10-10 22:00:00,26.0,400,94.77222222222223,1.1473,1997-10-06 15:28:20,293.0,139.0,174.0,PH,749.38,136.73,-17.52726327367263,23.58865213478652,20.0,60.914473022040546,0.7853981633974483,2900000000000000.0,S,12,-130.0,342.411,25.014,0,0,CME_010_param_inv.txt,      310.538,      10.0569
11,1997-10-23 12:42:37.000,1997-10-23 16:45:38.800,1997-10-27 00:00:00,31.0,500,79.23916666666666,0.41318,1997-10-23 11:26:50,503.0,-9999.0,360.0,FH,706.03,161.65,15.952924353782313,16.59613119344033,20.0,67.13663884354484,0.7853981633974483,8200000000000000.0,S,7,-60.0,558.0809999999999,6.1936,0,0,CME_011_param_inv.txt,      359.154,      30.2023
12,1997-11-04 06:10:05.000,1997-11-04 08:46:51.440,1997-11-07 04:00:00,56.0,400,67.21888888888888,0.26893,1997-11-04 06:10:05,785.0,-9999.0,360.0,FH,1011.2,274.55,13.43591590210245,4.9349428764280905,20.0,75.70212514984742,1.1519173063162575,7500000000000000.0,F,11,-110.0,847.6949999999999,-45.0,244.25,2.1144e-08,CME_012_param_inv.txt,      313.308,      11.7115
13,1997-12-06 10:55:05.000,1997-12-06 18:05:36.800,1997-12-10 18:00:00,30.0,350,95.90638888888888,0.87071,1997-12-06 10:27:05,397.0,317.0,223.0,HH,682.83,82.428,12.320994725131873,-3.2039351516212102,20.0,77.27548203332537,0.7853981633974483,2e+16,S,12,-60.0,449.21899999999994,17.879,331.05,1.4461e-07,CME_013_param_inv.txt,      370.615,      4.91308
14,1997-12-26 02:52:55.000,1997-12-26 14:06:57.400,1997-12-30 10:00:00,25.0,370,91.88388888888889,1.4953,1997-12-26 02:31:54,197.0,186.0,230.0,HH,269.24,38.142,-14.281049223769408,-1.3847738806529837,20.0,75.65335971052438,0.5585053606381855,1900000000000000.0,S,12,-77.0,243.819,0,0,0,CME_014_param_inv.txt,      290.769,      15.6877
15,1998-01-03 00:57:18.000,1998-01-03 05:32:03.840,1998-01-07 01:00:00,45.0,400,91.46555555555555,0.55225,1998-01-02 23:28:20,438.0,-9999.0,360.0,FH,650.72,81.078,6.220842638578714,9.246415119496017,20.0,78.87083674180087,0.7853981633974483,5500000000000000.0,S,16,-77.0,491.32599999999996,0,397.75,1.3375e-06,CME_015_param_inv.txt,      373.308,      4.37923
16,1998-01-17 04:40:15.000,1998-01-17 08:52:53.160,1998-01-21 06:00:00,31.0,380,93.11833333333334,0.85226,1998-01-17 04:09:20,350.0,-9999.0,360.0,FH,608.05,119.62,-10.551455963600912,-8.672775430614236,20.0,76.37294124635831,0.7853981633974483,1600000000000000.0,S,13,-11.0,400.95,0,371.25,3.2821e-07,CME_016_param_inv.txt,      333.615,      14.1231
17,1998-01-25 15:51:45.000,1998-01-25 17:41:59.640,1998-01-29 20:00:00,29.0,380,98.3,0.38622,1998-01-25 15:26:34,693.0,-9999.0,360.0,FH,1319.9,251.46,-24.983933413332345,2.8931715853551836,20.0,64.85979489612178,1.1519173063162575,1.1e+16,S,7,-55.0,753.2109999999999,0,0,0,CME_017_param_inv.txt,      405.231,      6.40615
18,1998-02-14 06:55:05.000,1998-02-15 03:01:15.800,1998-02-17 10:00:00,11.0,400,54.97888888888889,2.145,1998-02-14 06:55:05,123.0,137.0,206.0,HH,154.19,17.325,-26.288666590477284,-8.710136855187786,20.0,62.40375801292115,0.5585053606381855,1900000000000000.0,F,12,-100.0,167.82099999999997,0,0,0,CME_018_param_inv.txt,      363.154,      5.17615
19,1998-02-28 12:48:00.000,1998-02-28 23:11:13.200,1998-03-04 13:00:00,44.0,350,85.81277777777778,2.0258,1998-02-28 12:48:00,176.0,236.0,169.0,PH,285.12,59.522,11.939937258039173,-13.744959500578565,20.0,71.86900971812996,0.5585053606381855,490000000000000.0,F,12,-36.0,222.25199999999998,0,0,0,CME_019_param_inv.txt,      346.077,      24.1908
20,1998-04-29 16:58:54.000,1998-04-29 18:46:12.960,1998-05-02 05:00:00,45.0,520,58.22972222222222,0.1254,1998-04-29 16:58:54,1374.0,-9999.0,360.0,FH,1679.8,118.55,-24.595862206889652,-0.7109524523773824,20.0,65.39450357825578,1.1519173063162575,1e+16,S,11,-85.0,1452.598,0,466.2,8.4746e-08,CME_020_param_inv.txt,      328.846,      9.19000
21,1998-05-02 14:06:12.000,1998-05-02 16:17:35.640,1998-05-04 10:00:00,85.0,550,41.70666666666666,0.20944,1998-05-02 14:06:12,938.0,-9999.0,360.0,FH,1358.3,129.76,6.150428052398253,-19.63630445651812,20.0,69.45934890000305,1.1519173063162575,7700000000000000.0,S,10,-205.0,1004.8259999999999,0,0,0,CME_021_param_inv.txt,      614.769,      4.23231
22,1998-06-21 06:15:22.000,1998-06-22 00:12:50.800,1998-06-24 16:00:00,31.0,450,63.78583333333333,1.9422,1998-06-21 05:35:10,148.0,289.0,78.0,N,171.01,19.302,311.24315566104167,-903.915758272947,20.0,-41.125988879247174,0.6806784082777885,-9999.0,S,12,-25.0,193.49599999999998,0,0,0,CME_022_param_inv.txt,      434.615,      9.85846
23,1998-10-15 10:04:36.000,1998-10-15 14:34:26.280,1998-10-19 04:00:00,27.0,390,85.42583333333333,1.497,1998-10-15 10:04:36,262.0,-9999.0,360.0,FH,431.31,134.1,27.99930001749956,-0.4999875003124921,20.0,61.99659726037929,0.5585053606381855,-9999.0,S,18,-112.0,310.57399999999996,0,0,0,CME_023_param_inv.txt,     0.000000,     0.000000
24,1998-11-04 07:54:06.000,1998-11-04 12:15:05.280,1998-11-07 22:00:00,27.0,450,81.74833333333333,0.57452,1998-11-04 07:54:06,523.0,-9999.0,360.0,FH,721.42,98.307,0.24290037749056276,-2.407010074748132,20.0,87.58077215212957,0.7853981633974483,-9999.0,S,15,-81.0,578.621,0,448.29,1.973e-06,CME_024_param_inv.txt,      381.000,      5.45308
25,1998-11-05 20:44:02.000,1998-11-05 22:57:36.320,1998-11-09 01:00:00,48.0,450,74.03972222222222,0.18544,1998-11-05 20:44:02,1118.0,-9999.0,360.0,FH,1320.6,110.54,8.03381535307745,-0.7908733187780199,20.0,81.9276047436148,1.1519173063162575,-9999.0,S,12,-149.0,1189.686,0,431.53,1.9887e-07,CME_025_param_inv.txt,      425.538,      4.33385
26,1998-11-09 18:17:55.000,1998-11-09 21:59:40.600,1998-11-13 02:00:00,34.0,390,76.00527777777778,1.7059,1998-11-09 18:17:55,325.0,330.0,190.0,HH,739.16,361.64,14.939268119243122,1.545536605148832,20.0,74.9828087106242,0.7853981633974483,-9999.0,F,17,-131.0,375.275,0,264.16,2.1347e-08,CME_026_param_inv.txt,      385.077,      3.22077
27,1999-04-13 03:30:05.000,1999-04-13 10:02:37.280,1999-04-16 18:00:00,25.0,410,79.95611111111111,1.075,1999-04-13 03:30:05,291.0,228.0,261.0,HH,466.56,81.411,1.9893831702103721,-18.046808664891692,20.0,71.84750196792847,0.5585053606381855,1400000000000000.0,S,18,-91.0,340.35699999999997,0,0,0,CME_027_param_inv.txt,      418.846,      3.08846
28,1999-04-18 08:30:05.000,1999-04-18 14:15:42.080,1999-04-21 04:00:00,34.0,490,61.738055555555555,0.69155,1999-04-18 08:30:05,475.0,59.0,112.0,PH,563.21,70.719,36.797409419686005,19.96855438152062,20.0,48.81758260438564,0.7853981633974483,1200000000000000.0,S,8,-29.0,529.3249999999999,0,0,0,CME_028_param_inv.txt,      358.538,      5.42615
29,1999-06-24 13:31:24.000,1999-06-24 16:15:21.360,1999-06-27 22:00:00,30.0,670,77.74388888888889,0.29549,1999-06-24 13:31:24,975.0,-9999.0,360.0,FH,1434.8,355.89,-19.23693353833077,11.99018562267972,20.0,67.45303543263621,1.1519173063162575,2300000000000000.0,S,7,-41.0,1042.8249999999998,55.024,0,0,CME_029_param_inv.txt,      296.154,      10.1038
30,1999-07-03 19:54:05.000,1999-07-04 00:47:21.440,1999-07-06 21:00:00,5.0,460,68.21055555555556,0.57148,1999-07-03 19:54:05,536.0,301.0,139.0,PH,826.23,107.84,19.400589728205436,-21.5987536249275,20.0,61.28144776950825,0.7853981633974483,8400000000000000.0,S,10,-4.0,591.972,19.577,379.6,4.1531e-08,CME_030_param_inv.txt,      473.692,      2.41923
31,1999-07-23 21:30:09.000,1999-07-24 03:32:04.200,1999-07-27 17:00:00,43.0,390,85.46527777777777,0.98946,1999-07-23 21:30:09,329.0,75.0,123.0,PH,512.63,134.25,9.740914581708365,23.574171716565676,20.0,64.59918828664894,0.7853981633974483,7500000000000000.0,S,6,-38.0,379.383,0.50588,270.15,1.3714e-08,CME_031_param_inv.txt,      464.692,      4.24923
32,1999-07-28 04:30:05.000,1999-07-28 10:37:32.120,1999-07-30 20:00:00,12.0,620,57.37416666666667,0.46152,1999-07-28 04:30:05,361.0,112.0,189.0,HH,504.45,39.813,-45.952699932501694,23.029824754381146,20.0,39.77998859870776,0.7853981633974483,-9999.0,S,9,-52.0,412.24699999999996,0,0,0,CME_032_param_inv.txt,      380.846,      3.31231
33,1999-07-28 09:30:06.000,1999-07-28 12:43:57.240,1999-07-31 19:00:00,35.0,480,78.26722222222222,0.54992,1999-07-28 09:06:05,462.0,-9999.0,360.0,FH,802.39,137.77,-31.656848064399195,1.4373957825527188,20.0,58.313922968676756,0.7853981633974483,190000000000000.0,S,5,-39.0,515.9739999999999,0,0,0,CME_033_param_inv.txt,      386.000,      2.31308
34,1999-08-09 03:26:05.000,1999-08-09 09:00:49.760,1999-08-12 03:00:00,45.0,380,65.98611111111111,0.6791,1999-08-09 03:26:05,395.0,197.0,212.0,HH,565.03,71.867,-11.189587313756208,-8.60139728675711,20.0,75.91999627243929,0.7853981633974483,1000000000000000.0,S,6,-13.0,447.16499999999996,0,0,0,CME_034_param_inv.txt,      378.077,      4.31462
35,1999-09-20 06:30:06.000,1999-09-20 09:02:08.760,1999-09-22 19:00:00,32.0,530,57.96416666666667,0.67496,1999-09-20 06:06:05,604.0,-9999.0,360.0,FH,973.92,272.38,41.424856859187734,8.356012485535922,20.0,47.89045231386463,1.1519173063162575,890000000000000.0,F,11,-173.0,661.808,0,413.42,3.2556e-08,CME_035_param_inv.txt,     0.000000,     0.000000
36,2000-01-18 17:54:05.000,2000-01-18 20:20:01.640,2000-01-22 17:00:00,9.0,380,92.6661111111111,0.24173,2000-01-18 17:54:05,739.0,-9999.0,360.0,FH,1132.6,113.84,-21.745379857751786,3.6284797315033557,20.0,67.96845566101304,1.1519173063162575,6900000000000000.0,S,16,-97.0,800.453,0,374.03,4.9825e-07,CME_036_param_inv.txt,      319.385,      6.89692
37,2000-02-08 09:30:05.000,2000-02-08 11:56:59.600,2000-02-11 16:00:00,4.0,420,76.05,0.22087,2000-02-08 09:30:05,1079.0,-9999.0,360.0,FH,1364.0,306.06,12.395440771184576,-9.034198716025683,20.0,74.70345484412357,1.1519173063162575,-9999.0,S,7,-25.0,1149.6329999999998,24.337,393.68,1.3502e-07,CME_037_param_inv.txt,      588.308,      2.96923
38,2000-02-10 03:18:05.000,2000-02-10 05:07:24.920,2000-02-12 12:00:00,12.0,540,54.87638888888889,0.20249,2000-02-10 02:30:05,944.0,-9999.0,360.0,FH,1097.2,122.95,10.905088876790261,-2.539084787946801,20.0,78.80670431019823,1.1519173063162575,64000000000000.0,S,13,-133.0,1010.9879999999999,0,400.99,2.9143e-08,CME_038_param_inv.txt,      444.615,      4.58462
39,2000-02-12 04:31:20.000,2000-02-12 06:54:10.160,2000-02-14 12:00:00,44.0,520,53.096944444444446,0.23592,2000-02-12 04:31:20,1107.0,-9999.0,360.0,FH,1286.9,254.35,-6.909320152569251,-1.648350880701705,20.0,82.89770589528138,1.1519173063162575,1600000000000000.0,S,5,-67.0,1178.389,-7.7876,351.78,2.5505e-08,CME_039_param_inv.txt,      593.692,      16.4254
40,2000-02-17 19:31:23.000,2000-02-18 01:18:04.880,2000-02-21 05:00:00,31.0,380,75.6986111111111,0.11546,2000-02-17 19:31:23,543.0,186.0,64.0,N,566.07,11.598,-950.7629319720693,-99.92921088387698,20.0,6.261596630547458,0.5585053606381855,-9999.0,S,15,-26.0,599.161,0,0,0,CME_040_param_inv.txt,      386.154,      4.29615
41,2000-04-04 16:43:01.000,2000-04-04 17:02:59.728,2000-04-07 06:00:00,24.0,560,60.95,0.30158,2000-04-04 16:32:37,1188.0,-9999.0,360.0,FH,1648.4,552.38,37.468068026654315,-1.4047919564367601,20.0,52.50946940820813,1.1519173063162575,4500000000000000.0,S,6,-288.0,1261.5759999999998,0,543.9,2.7898e-07,CME_041_param_inv.txt,      361.231,      8.25231
42,2000-04-15 10:35:41.000,2000-04-15 13:27:24.560,2000-04-18 20:00:00,18.0,460,78.54305555555555,0.32308,2000-04-15 10:35:41,716.0,93.0,176.0,PH,1095.2,129.83,-11.75795438223289,20.499381460168543,20.0,66.49451211242535,1.1519173063162575,430000000000000.0,S,10,-14.0,776.832,0,456.24,9.3406e-07,CME_042_param_inv.txt,      267.615,      15.0369
43,2000-04-29 04:30:05.000,2000-04-29 09:23:25.760,2000-05-02 20:00:00,62.0,500,82.60944444444445,0.45684,2000-04-29 04:30:05,551.0,143.0,109.0,PH,704.87,104.24,-25.17909189846836,13.879900001666643,20.0,61.46884339752057,0.7853981633974483,1.1e+16,S,6,-37.0,607.377,5.3424,0,0,CME_043_param_inv.txt,      386.154,      5.85308
44,2000-05-10 20:06:07.000,2000-05-10 23:13:02.080,2000-05-13 17:00:00,25.0,500,65.7825,0.29819,2000-05-10 20:06:07,641.0,83.0,205.0,HH,921.9,92.158,-3.89873564080449,17.254934188322647,20.0,72.32316691358069,1.1519173063162575,4400000000000000.0,S,8,-2.0,699.8069999999999,0,459.1,9.4128e-08,CME_044_param_inv.txt,      322.538,      10.1654
45,2000-05-13 13:42:05.000,2000-05-13 16:37:51.920,2000-05-16 23:00:00,8.0,550,78.36888888888889,0.19786,2000-05-13 12:26:05,666.0,166.0,182.0,HH,818.34,223.73,-21.003734404426595,12.607141214313096,20.0,65.65066491664761,0.7853981633974483,4100000000000000.0,S,9,-92.0,725.482,12.292,0,0,CME_045_param_inv.txt,      520.923,      8.39385
46,2000-05-20 14:50:05.000,2000-05-20 22:02:32.720,2000-05-23 09:00:00,12.0,570,58.957499999999996,0.71147,2000-05-20 14:50:05,348.0,232.0,139.0,PH,432.98,44.445,-17.42589568208636,-19.768752024959504,20.0,63.88016816368074,0.5585053606381855,300000000000000.0,S,8,-10.0,398.89599999999996,0,0,0,CME_046_param_inv.txt,      458.923,      1.68846
47,2000-05-21 07:26:53.000,2000-05-21 10:53:46.160,2000-05-24 12:00:00,70.0,530,73.1036111111111,0.31911,2000-05-21 07:26:53,629.0,304.0,138.0,PH,911.35,88.106,26.53216299796253,-21.844030699616262,20.0,56.1445392209846,1.1519173063162575,9000000000000000.0,S,5,-147.0,687.483,0,0,0,CME_047_param_inv.txt,      391.462,      4.69615
48,2000-05-31 08:06:05.000,2000-05-31 13:36:11.120,2000-06-04 22:00:00,48.0,470,104.39666666666666,0.52935,2000-05-31 08:06:05,391.0,46.0,126.0,PH,569.63,57.102,29.566263671704107,8.851489193885078,20.0,59.252296653127424,0.7853981633974483,1900000000000000.0,S,9,-35.0,443.05699999999996,0,0,0,CME_048_param_inv.txt,      573.077,      2.85000
49,2000-06-06 15:54:05.000,2000-06-06 17:42:43.160,2000-06-08 12:00:00,53.0,610,42.28777777777778,0.19634,2000-06-06 15:54:05,1119.0,-9999.0,360.0,FH,1553.8,171.47,-9.386479058682356,10.039667505541576,20.0,76.2888468248892,1.1519173063162575,1.8e+16,S,11,-90.0,1190.713,0,273.39,1.4384e-08,CME_049_param_inv.txt,      434.538,      6.01539
50,2000-07-07 10:26:05.000,2000-07-07 14:40:49.160,2000-07-11 02:00:00,12.0,440,83.31944444444444,0.6551,2000-07-07 10:26:05,453.0,-9999.0,360.0,FH,731.72,119.42,-26.875981622426423,-4.9779056899367795,20.0,62.700688514857596,0.7853981633974483,1800000000000000.0,S,13,0.0,506.73099999999994,0,437.88,1.5623e-06,CME_050_param_inv.txt,      393.231,      4.81077
51,2000-07-11 13:27:23.000,2000-07-11 15:13:52.280,2000-07-13 13:00:00,26.0,610,45.76861111111111,0.18301,2000-07-11 13:27:23,1078.0,-9999.0,360.0,FH,1405.1,147.12,-20.686486032139683,-2.0149613503864967,20.0,69.21989436877475,1.1519173063162575,-9999.0,S,7,-43.0,1148.606,0,398.31,2.2642e-08,CME_051_param_inv.txt,      465.769,      13.2585
52,2000-07-12 20:30:05.000,2000-07-12 23:45:29.840,2000-07-14 17:00:00,21.0,780,41.24166666666667,0.24381,2000-07-12 20:30:05,820.0,281.0,101.0,PH,952.82,155.16,-12.811453030939383,-19.208825423491536,20.0,67.04578032263029,1.1519173063162575,7400000000000000.0,S,9,-57.0,883.6399999999999,-4.9159,0,0,CME_052_param_inv.txt,      499.308,      2.78077
53,2000-07-14 10:54:07.000,2000-07-14 12:13:07.840,2000-07-15 19:00:00,37.0,740,30.781111111111112,0.21774,2000-07-14 10:54:07,1674.0,-9999.0,360.0,FH,2031.7,349.5,-16.82020394217842,7.600179264674838,20.0,71.5877463593847,1.1519173063162575,1.4e+16,S,20,-301.0,1760.6979999999999,0,0,0,CME_053_param_inv.txt,      607.923,      2.74231
54,2000-07-17 08:54:05.000,2000-07-17 11:58:46.160,2000-07-20 01:00:00,31.0,530,61.02027777777778,0.42056,2000-07-17 08:54:05,788.0,95.0,116.0,PH,1431.9,278.64,-25.559423352554916,15.713857538082065,20.0,60.27578370168616,1.1519173063162575,7500000000000000.0,S,8,-93.0,850.776,72.618,496.44,1.3078e-07,CME_054_param_inv.txt,      673.308,      1.79154
55,2000-07-23 05:30:05.000,2000-07-23 09:24:25.880,2000-07-27 02:00:00,24.0,360,88.59277777777777,0.29004,2000-07-23 05:30:05,631.0,161.0,181.0,HH,792.55,61.592,-36.3192563581214,-7.404556381453951,20.0,53.035689533162945,0.7853981633974483,3100000000000000.0,S,6,-42.0,689.5369999999999,0,326.32,8.6363e-08,CME_055_param_inv.txt,      420.154,      4.86385
56,2000-07-25 03:30:05.000,2000-07-25 08:06:24.440,2000-07-28 12:00:00,49.0,440,75.89305555555555,0.37478,2000-07-25 03:30:05,528.0,-9999.0,360.0,FH,674.53,57.667,1.778528907851539,-10.548764103931601,20.0,79.30403040564906,0.7853981633974483,1600000000000000.0,S,9,-71.0,583.756,0,396.26,7.0531e-08,CME_056_param_inv.txt,      380.615,      3.22231
57,2000-08-06 22:30:05.000,2000-08-07 04:45:06.080,2000-08-10 19:00:00,26.0,430,86.24805555555555,1.5541,2000-08-06 22:30:05,211.0,332.0,122.0,PH,451.24,116.42,10.695052053445743,-8.298165921800601,20.0,76.4929295560064,0.5585053606381855,-9999.0,S,12,-106.0,258.197,0,428.2,1.6467e-06,CME_057_param_inv.txt,      477.077,      2.54769
58,2000-08-09 16:30:05.000,2000-08-09 19:48:12.560,2000-08-12 05:00:00,41.0,580,57.19638888888889,0.63541,2000-08-09 16:30:05,702.0,-9999.0,360.0,FH,928.29,185.07,10.890274996562548,4.3157705528680905,57.687642982640234,78.29534112794684,1.1519173063162575,7000000000000000.0,S,18,-235.0,762.454,0,522.83,7.2978e-08,CME_058_param_inv.txt,      358.308,      4.36692
59,2000-08-29 18:30:06.000,2000-08-29 20:44:58.800,2000-09-02 22:00:00,15.0,420,97.25027777777778,0.30345,2000-08-29 18:30:06,769.0,347.0,122.0,PH,1200.7,161.68,0.5986557795709264,-0.4880718840624301,20.0,89.22760486951795,1.1519173063162575,1900000000000000.0,S,8,-20.0,831.2629999999999,0,0,0,CME_059_param_inv.txt,      599.846,      3.19692
60,2000-09-05 05:54:05.000,2000-09-05 08:46:29.600,2000-09-08 12:00:00,46.0,450,75.225,0.408,2000-09-05 05:54:05,473.0,3.0,138.0,PH,945.28,122.07,18.135797701685817,-3.506892525895618,20.0,71.53945132251204,1.1519173063162575,3200000000000000.0,S,5,-48.0,527.271,0,430.62,1.8337e-07,CME_060_param_inv.txt,      385.385,      10.8508
61,2000-10-02 20:26:05.000,2000-10-02 23:00:14.480,2000-10-05 13:00:00,46.0,450,61.99583333333334,0.39345,2000-10-02 20:26:05,569.0,-9999.0,360.0,FH,1102.0,165.06,18.827643926178602,6.452129765224833,20.0,70.13546877440241,1.1519173063162575,3900000000000000.0,S,6,-182.0,625.8629999999999,0,314.27,2.7322e-08,CME_061_param_inv.txt,      387.769,      6.75846
62,2000-10-09 23:50:05.000,2000-10-10 01:59:33.440,2000-10-13 16:00:00,25.0,400,86.00722222222223,0.22957,2000-10-09 23:50:05,798.0,295.0,175.0,PH,1239.3,129.83,-4.494675053249469,-10.85047783522165,20.0,78.26574291646628,1.1519173063162575,1.4e+16,S,12,-107.0,861.0459999999999,0,390.22,3.2631e-07,CME_062_param_inv.txt,      327.077,      14.5615
63,2000-10-25 09:06:05.000,2000-10-25 12:49:10.160,2000-10-28 21:00:00,25.0,380,80.18027777777777,0.3538,2000-10-25 08:26:05,770.0,-9999.0,360.0,FH,1196.1,151.64,14.1247114322142,18.23740806479838,20.0,67.08057913753795,1.1519173063162575,1.7e+16,S,14,-127.0,832.29,49.504,341.87,8.6806e-08,CME_063_param_inv.txt,      398.846,      3.63923
64,2000-12-18 11:50:05.000,2000-12-18 15:45:38.960,2000-12-23 00:00:00,12.0,320,104.23916666666666,0.5779,2000-12-18 11:50:05,510.0,-9999.0,360.0,FH,775.49,118.92,-8.429575748917873,0.027474750360709198,20.0,81.5703798001132,0.7853981633974483,-9999.0,S,12,-62.0,565.27,0,304.98,1.7178e-07,CME_064_param_inv.txt,      372.000,      8.77385
65,2001-01-20 21:30:08.000,2001-01-20 22:49:35.840,2001-01-24 09:00:00,46.0,400,82.17333333333333,0.2105,2001-01-20 21:30:08,1507.0,-9999.0,360.0,FH,2205.0,344.38,-16.502542360640437,0.0622772635859595,inf,73.4973433964355,1.1519173063162575,1.8e+16,S,4,-61.0,1589.1889999999999,0,386.0,2.3962e-07,CME_065_param_inv.txt,      310.000,      8.87308
66,2001-02-28 14:50:05.000,2001-02-28 22:34:17.120,2001-03-04 04:00:00,22.0,440,77.42833333333333,0.51129,2001-02-28 14:50:05,313.0,252.0,232.0,HH,418.03,28.975,37.217150821229474,-14.752781930451741,20.0,50.362521756983234,0.5585053606381855,2400000000000000.0,S,8,-73.0,362.95099999999996,0,0,0,CME_066_param_inv.txt,      488.769,      3.63154
67,2001-03-16 03:50:05.000,2001-03-16 09:43:13.520,2001-03-19 17:00:00,55.0,360,79.27944444444445,1.5277,2001-03-16 03:50:05,271.0,7.0,281.0,FH,542.06,146.41,3.3034950688116407,1.28984791440107,21.104090653284196,86.453883352356,0.7853981633974483,1000000000000000.0,S,15,-149.0,319.81699999999995,6.0587,0,0,CME_067_param_inv.txt,      309.692,      10.9685
68,2001-03-25 17:06:05.000,2001-03-25 20:06:25.520,2001-03-28 17:00:00,49.0,480,68.89277777777778,0.32117,2001-03-25 17:06:05,677.0,-9999.0,360.0,FH,910.79,258.25,9.201304973900523,-3.046152916941661,20.0,80.3117009193973,1.1519173063162575,3300000000000000.0,S,3,-51.0,736.779,-21.683,445.64,1.0867e-07,CME_068_param_inv.txt,      390.846,      4.72077
69,2001-03-28 13:27:24.000,2001-03-28 16:00:40.200,2001-03-31 05:00:00,17.0,640,60.98861111111111,0.44547,2001-03-28 12:50:05,519.0,-9999.0,360.0,FH,959.86,161.9,23.821731971133822,-5.947479208679857,20.0,65.48910589760078,1.1519173063162575,3000000000000000.0,S,33,-387.0,574.5129999999999,0,0,0,CME_069_param_inv.txt,      609.769,      4.57538
70,2001-03-29 10:50:07.000,2001-03-29 13:03:40.240,2001-04-01 04:00:00,59.0,600,62.938611111111115,0.20166,2001-03-29 10:26:05,942.0,-9999.0,360.0,FH,1156.1,107.84,33.1179679203208,-3.5483775162248383,20.0,56.71402767627379,1.1519173063162575,2800000000000000.0,S,5,0,1008.934,0,0,0,CME_070_param_inv.txt,      522.692,      2.98154
71,2001-04-02 22:06:07.000,2001-04-02 22:50:56.596,2001-04-04 18:00:00,18.0,650,43.15083333333334,0.10462,2001-04-02 22:06:07,2505.0,261.0,244.0,HH,3217.6,436.65,20.80654968807932,-10.956144052738056,20.0,66.59885653421865,1.1519173063162575,9200000000000000.0,S,9,-50.0,2614.1349999999998,0,565.78,7.4011e-08,CME_071_param_inv.txt,      550.077,      1.81462
72,2001-04-06 19:54:01.000,2001-04-06 21:17:29.320,2001-04-08 14:00:00,14.0,740,40.70833333333333,0.14607,2001-04-06 19:30:02,1270.0,-9999.0,360.0,FH,1723.5,175.32,24.52933866964846,1.8292107526295236,20.0,65.40675931217731,1.1519173063162575,8400000000000000.0,S,13,-59.0,1345.79,0,621.27,5.128e-08,CME_072_param_inv.txt,      476.462,      6.20461
73,2001-04-10 05:30:00.000,2001-04-10 06:36:03.240,2001-04-11 22:00:00,33.0,640,39.39888888888889,0.10918,2001-04-10 05:30:00,2411.0,-9999.0,360.0,FH,2916.5,294.76,18.263196868031322,-5.159510404895953,20.0,71.04593227796599,1.1519173063162575,9100000000000000.0,S,14,-271.0,2517.5969999999998,0,478.23,4.0692e-08,CME_073_param_inv.txt,      506.692,     0.903846
74,2001-04-11 13:54:14.000,2001-04-11 15:52:35.360,2001-04-13 09:00:00,27.0,730,41.123333333333335,0.24935,2001-04-11 13:31:48,1103.0,-9999.0,360.0,FH,1303.4,168.4,15.611396061039393,-3.1793548964510356,44.675729091937534,74.07603880275086,1.1519173063162575,5300000000000000.0,S,9,-77.0,1174.281,0,477.42,1.8565e-08,CME_074_param_inv.txt,      632.077,      6.18538
75,2001-04-26 12:30:05.000,2001-04-26 14:31:09.080,2001-04-28 14:00:00,60.0,550,47.480555555555554,0.20748,2001-04-26 12:30:05,1006.0,-9999.0,360.0,FH,1318.2,135.26,30.313482373660612,16.313031692295496,20.0,55.94726250149013,1.1519173063162575,-9999.0,S,8,-47.0,1074.6619999999998,0,221.51,1.2476e-08,CME_075_param_inv.txt,      425.462,      5.14154
76,2001-07-05 03:54:05.000,2001-07-05 10:57:28.400,2001-07-09 02:00:00,50.0,400,87.04194444444444,0.33238,2001-07-05 03:54:05,437.0,281.0,123.0,PH,701.2,47.613,18.692778144437117,-42.74337833243336,20.0,44.079977919194114,0.7853981633974483,7000000000000000.0,S,5,-38.0,490.299,17.616,387.65,2.4824e-07,CME_076_param_inv.txt,      385.308,      9.09692
78,2001-09-20 19:31:43.000,2001-09-20 21:28:44.800,2001-09-24 00:00:00,22.0,440,74.52083333333333,0.67754,2001-09-20 19:31:43,446.0,306.0,207.0,HH,1022.8,311.38,12.695680039272371,-2.4128689557367666,20.0,77.08076545199512,1.1519173063162575,1000000000000000.0,S,7,-73.0,499.542,0,412.8,1.3091e-07,CME_078_param_inv.txt,      353.154,      11.6400
79,2001-09-27 05:06:05.000,2001-09-27 10:48:46.040,2001-09-29 11:00:00,37.0,560,48.18694444444444,0.86301,2001-09-27 04:54:05,509.0,226.0,182.0,HH,1143.5,131.67,-17.261591584084165,-5.345121068789314,20.0,71.95387290390042,1.1519173063162575,1.8e+16,S,12,-66.0,564.2429999999999,63.809,86.058,6.7114e-09,CME_079_param_inv.txt,      436.385,      3.12308
80,2001-09-28 08:54:34.000,2001-09-28 11:08:01.480,2001-10-01 08:00:00,16.0,490,68.86611111111111,0.22922,2001-09-28 08:54:34,846.0,-9999.0,360.0,FH,1318.1,138.03,37.59110086123924,6.321879114011077,20.0,51.95861893658598,1.1519173063162575,2e+16,S,9,-148.0,910.3419999999999,0,472.15,2.2114e-07,CME_080_param_inv.txt,      513.538,      2.04769
81,2001-09-29 11:54:05.000,2001-09-29 14:50:14.960,2001-10-02 04:00:00,8.0,490,61.1625,1.1447,2001-09-29 11:54:05,509.0,114.0,216.0,HH,922.6,379.12,28.726650704366197,11.380472081598981,20.0,59.28079198555518,1.1519173063162575,1400000000000000.0,S,8,-104.0,564.2429999999999,0,350.51,2.462e-08,CME_081_param_inv.txt,      656.769,      3.34154
82,2001-10-09 11:30:05.000,2001-10-09 13:46:50.480,2001-10-12 04:00:00,5.0,560,62.219166666666666,0.16845,2001-10-09 11:30:05,973.0,-9999.0,360.0,FH,1222.6,92.325,26.45782071965468,-9.810087748537526,20.0,61.90548954134115,1.1519173063162575,1.2e+16,S,22,-71.0,1040.771,0,546.47,3.2335e-07,CME_082_param_inv.txt,      445.154,      8.36923
83,2001-10-19 16:50:05.000,2001-10-19 19:28:29.000,2001-10-21 20:00:00,86.0,460,48.52527777777778,0.28576,2001-10-19 16:50:05,901.0,-9999.0,360.0,FH,1100.1,296.02,28.792955244939346,14.91403286170591,20.0,57.87002881678156,1.1519173063162575,9000000000000000.0,S,9,-187.0,966.8269999999999,-22.252,0,0,CME_083_param_inv.txt,      331.154,      10.1454
84,2001-10-22 18:26:06.000,2001-10-22 22:03:16.560,2001-10-27 03:00:00,33.0,420,100.94527777777778,0.34574,2001-10-22 18:26:06,618.0,131.0,106.0,PH,810.11,80.777,42.189131362287924,9.364466851104963,20.0,46.9751463703583,0.7853981633974483,1000000000000000.0,S,10,-27.0,676.1859999999999,0,0,0,CME_084_param_inv.txt,      520.923,      11.0346
85,2001-10-25 15:26:05.000,2001-10-25 17:45:20.960,2001-10-29 22:00:00,39.0,360,100.24416666666667,0.26414,2001-10-25 15:26:05,1092.0,-9999.0,360.0,FH,1343.1,309.21,21.557969563913055,-0.06134126053399523,20.0,68.44194732341981,1.1519173063162575,4200000000000000.0,S,5,-157.0,1162.984,2.3408,357.44,1.0816e-06,CME_085_param_inv.txt,      443.308,      13.5669
86,2001-11-04 16:35:06.000,2001-11-04 17:51:48.960,2001-11-06 12:00:00,63.0,600,42.13638888888889,0.2071,2001-11-04 16:35:06,1810.0,-9999.0,360.0,FH,2122.8,480.78,17.968195835355967,6.013778188276302,20.0,71.0836766125098,1.1519173063162575,1.7e+16,S,7,-292.0,1900.37,-60.378,400.79,2.9264e-08,CME_086_param_inv.txt,      307.923,      9.58615
87,2001-11-17 05:30:06.000,2001-11-17 06:49:49.680,2001-11-19 22:00:00,39.0,430,63.169444444444444,0.16523,2001-11-17 05:30:06,1379.0,-9999.0,360.0,FH,1826.3,224.01,5.020339589695465,7.321809736078954,20.0,81.13009056926943,1.1519173063162575,1.3e+16,S,6,-47.0,1457.733,0,354.06,5.4916e-08,CME_087_param_inv.txt,      418.615,      3.68000
88,2001-11-22 23:30:05.000,2001-11-23 01:02:57.440,2001-11-24 14:00:00,30.0,720,36.95055555555555,0.12382,2001-11-22 23:30:05,1437.0,-9999.0,360.0,FH,1770.0,143.16,21.3743594651077,-18.190630493334055,20.0,62.212116499721255,1.1519173063162575,1.8e+16,S,14,-221.0,1517.299,0,388.27,1.7221e-08,CME_088_param_inv.txt,      447.692,      5.22385
89,2001-12-26 05:30:05.000,2001-12-26 06:56:45.920,2001-12-30 00:00:00,18.0,400,89.05388888888889,0.49105,2001-12-26 05:30:05,1446.0,281.0,212.0,HH,1989.6,684.9,-18.297301109984147,-10.535952586391625,60.57711723312497,68.9764498730897,1.1519173063162575,4800000000000000.0,S,16,-58.0,1526.542,0,396.12,8.0158e-07,CME_089_param_inv.txt,      385.462,      7.88615
90,2002-03-15 23:06:06.000,2002-03-16 01:07:01.440,2002-03-19 05:00:00,35.0,380,75.88277777777778,0.2375,2002-03-15 23:06:06,957.0,-9999.0,360.0,FH,1329.1,385.83,24.715988657304898,-5.3708573020385435,20.0,64.74305397850885,1.1519173063162575,-9999.0,S,15,-37.0,1024.339,-10.046,326.32,6.4547e-08,CME_090_param_inv.txt,      344.769,      21.0954
91,2002-03-20 17:54:05.000,2002-03-20 20:09:22.640,2002-03-24 12:00:00,32.0,450,87.84361111111112,0.81989,2002-03-20 17:54:05,603.0,-9999.0,360.0,FH,1184.6,441.43,24.74122387529028,-4.090551704981057,32.203987316394226,64.94391781727319,1.1519173063162575,-9999.0,S,15,-100.0,660.781,0,0,0,CME_091_param_inv.txt,      532.846,      15.5400
92,2002-04-15 04:06:06.000,2002-04-15 06:22:55.800,2002-04-17 16:00:00,47.0,480,57.617777777777775,0.29865,2002-04-15 03:50:05,720.0,-9999.0,360.0,FH,1156.1,149.64,30.373885781142196,5.544097139028611,20.791545184923066,59.17187218292498,1.1519173063162575,1900000000000000.0,S,14,-127.0,780.9399999999999,0,317.11,2.3851e-08,CME_092_param_inv.txt,      362.077,      22.7969
93,2002-04-17 08:26:05.000,2002-04-17 10:13:16.040,2002-04-20 00:00:00,42.0,500,61.77861111111111,0.26203,2002-04-17 08:26:05,1240.0,-9999.0,360.0,FH,1632.3,441.18,26.065442406195494,-3.3217183475739165,20.0,63.73844939658804,1.1519173063162575,-9999.0,S,8,-149.0,1314.9799999999998,-9.1891,456.93,1.0058e-07,CME_093_param_inv.txt,      340.231,      13.0931
94,2002-05-08 13:50:05.000,2002-05-08 16:59:55.400,2002-05-11 15:00:00,9.0,430,70.00111111111111,1.8285,2002-05-08 13:50:05,614.0,-9999.0,360.0,FH,951.58,564.94,7.442900309164091,-1.9384005133290558,20.0,82.31020149744914,1.1519173063162575,580000000000000.0,S,15,-110.0,672.078,0,353.76,4.541e-08,CME_094_param_inv.txt,      375.692,      3.61154
95,2002-05-16 00:50:05.000,2002-05-16 04:07:46.640,2002-05-20 10:00:00,36.0,420,101.87027777777777,0.44801,2002-05-16 00:50:05,600.0,-9999.0,360.0,FH,886.18,179.8,5.176473764660505,-7.9608810445565075,20.0,80.51323251059544,0.7853981633974483,4200000000000000.0,S,7,-36.0,657.6999999999999,-11.583,0,0,CME_095_param_inv.txt,      375.154,      4.18769
96,2002-05-22 03:50:05.000,2002-05-22 05:20:42.080,2002-05-23 20:00:00,46.0,590,38.65472222222222,0.20369,2002-05-22 03:50:05,1557.0,-9999.0,360.0,FH,1856.7,413.59,-3.6694738440769497,-4.173422232222098,20.0,84.44494258814622,1.1519173063162575,-9999.0,S,11,-109.0,1640.5389999999998,-3.3949,104.21,1.0692e-08,CME_096_param_inv.txt,      409.769,      7.78769
97,2002-07-15 20:30:05.000,2002-07-15 22:22:30.680,2002-07-18 12:00:00,21.0,460,61.624722222222225,0.52341,2002-07-15 20:30:05,1151.0,-9999.0,360.0,FH,1485.8,409.74,-1.0399125937481248,3.183289454210916,84.64569020273838,86.65132309784099,1.1519173063162575,-9999.0,S,6,-17.0,1223.577,0,380.21,5.2418e-08,CME_097_param_inv.txt,      321.462,      14.3446
98,2002-08-16 12:30:05.000,2002-08-16 13:54:36.680,2002-08-19 12:00:00,50.0,460,70.08972222222222,0.12577,2002-08-16 12:30:05,1585.0,-9999.0,360.0,FH,2100.6,189.86,13.548097373782829,-4.362988312646093,20.0,75.7792276947213,1.1519173063162575,-9999.0,S,8,-106.0,1669.2949999999998,0,438.56,1.825e-07,CME_098_param_inv.txt,      593.077,      2.14538
99,2002-09-05 16:54:06.000,2002-09-05 18:03:57.120,2002-09-08 04:00:00,16.0,470,57.93388888888889,0.27145,2002-09-05 16:54:06,1748.0,-9999.0,360.0,FH,2389.6,578.81,5.50809102727104,-1.9831549549292151,32.290591407028074,84.14680888839031,1.1519173063162575,-9999.0,S,11,-181.0,1836.696,0,398.71,6.4849e-08,CME_099_param_inv.txt,      457.308,      4.70538
100,2002-09-17 08:06:05.000,2002-09-17 10:47:35.120,2002-09-19 20:00:00,25.0,520,57.20666666666666,0.27944,2002-09-17 08:06:05,960.0,210.0,249.0,HH,1243.2,277.55,-43.30812459377031,-10.88749282535873,20.0,45.60856952583784,1.1519173063162575,1.4e+16,S,5,-40.0,1027.42,14.877,429.56,4.7723e-08,CME_0100_param_inv.txt,      503.308,      3.07000
101,2003-05-28 00:50:05.000,2003-05-28 02:31:25.760,2003-05-30 02:00:00,14.0,600,47.47611111111111,0.26104,2003-05-28 00:50:05,1366.0,-9999.0,360.0,FH,1744.5,427.11,3.1119842764465444,-12.094566505418685,20.0,77.51726452795099,1.1519173063162575,1.3e+16,S,20,-144.0,1444.3819999999998,53.314,486.1,4.672e-08,CME_0101_param_inv.txt,      651.462,      6.76308
102,2003-05-29 01:27:12.000,2003-05-29 02:52:27.960,2003-05-30 22:00:00,27.0,680,43.12555555555555,0.1754,2003-05-29 01:27:12,1237.0,-9999.0,360.0,FH,1770.5,210.96,14.574328945888176,-13.08964105448682,20.0,70.50575651505919,1.1519173063162575,3900000000000000.0,S,7,-63.0,1311.899,0,561.88,4.9199e-08,CME_0102_param_inv.txt,      653.000,      3.14231
103,2003-06-14 01:54:05.000,2003-06-14 05:01:34.280,2003-06-17 10:00:00,22.0,480,76.97361111111111,0.16375,2003-06-14 01:54:05,875.0,26.0,195.0,HH,993.26,214.69,28.826234875302497,-13.81469714605708,20.0,58.29263037868791,1.1519173063162575,4400000000000000.0,S,10,-141.0,940.1249999999999,1.688,478.97,3.5029e-06,CME_0103_param_inv.txt,      482.308,      8.95692
104,2003-08-14 20:06:05.000,2003-08-15 01:15:31.640,2003-08-18 01:00:00,38.0,450,71.74111111111111,0.65497,2003-08-14 20:06:05,378.0,-9999.0,360.0,FH,606.2,81.618,6.6613952767453855,-14.715596573390446,20.0,73.87728078093309,0.7853981633974483,-9999.0,S,18,-148.0,429.70599999999996,0,0,0,CME_0104_param_inv.txt,      549.538,      4.00154
105,2003-10-22 08:54:05.000,2003-10-22 12:31:19.880,2003-10-24 21:00:00,15.0,560,56.477777777777774,0.70653,2003-10-22 08:30:32,719.0,286.0,267.0,HH,1320.5,353.25,-2.661528807853203,-5.502689921834636,38.34039064596886,83.88922786885271,1.1519173063162575,-9999.0,S,21,-36.0,779.9129999999999,75.884,507.28,8.7245e-08,CME_0105_param_inv.txt,      733.462,      5.10538
106,2003-10-26 17:54:05.000,2003-10-26 19:41:17.840,2003-10-28 02:30:00,6.5,610,30.811666666666667,0.28143,2003-10-26 17:54:05,1537.0,270.0,171.0,PH,2014.8,378.38,-21.131767941068627,-12.795067064431187,20.0,65.44903574591362,1.1519173063162575,-9999.0,S,19,-32.0,1619.9989999999998,79.212,0,0,CME_0106_param_inv.txt,      463.769,      2.25000
107,2003-10-28 11:30:05.000,2003-10-28 12:16:06.812,2003-10-29 11:00:00,16.0,1300,22.73138888888889,0.10996,2003-10-28 11:30:05,2459.0,-9999.0,360.0,FH,3173.4,456.6,-11.089243731237739,-15.761470777757271,20.0,70.80963928793754,1.1519173063162575,-9999.0,S,32,-353.0,2566.8929999999996,0,1067.3,4.6709e-08,CME_0107_param_inv.txt,      747.231,      1.76077
108,2003-10-29 20:54:05.000,2003-10-29 22:01:29.600,2003-10-31 02:00:00,46.0,800,27.975,0.13046,2003-10-29 20:54:05,2029.0,-9999.0,360.0,FH,2792.4,333.3,8.38296270033909,-5.31518443468696,20.0,80.08419154062938,1.1519173063162575,-9999.0,S,9,-383.0,2125.283,0,219.81,1.3255e-08,CME_0108_param_inv.txt,      1000.62,      1.88538
109,2003-11-18 08:50:05.000,2003-11-18 09:59:37.400,2003-11-20 10:00:00,22.0,580,48.00611111111111,0.28949,2003-11-18 08:50:05,1660.0,-9999.0,360.0,FH,2056.2,502.69,-7.358991516808053,6.86848967517208,58.50972011678022,79.94659464511874,1.1519173063162575,-9999.0,S,28,-422.0,1746.32,0,476.59,5.2293e-08,CME_0109_param_inv.txt,      714.385,      3.41077
110,2004-01-20 00:06:05.000,2004-01-20 03:04:58.760,2004-01-22 08:00:00,33.0,560,52.91694444444445,0.23764,2004-01-20 00:06:05,965.0,-9999.0,360.0,FH,1369.4,216.81,-1.2863648158796024,3.793829079273019,20.0,85.99432223035946,1.1519173063162575,-9999.0,F,12,-130.0,1032.5549999999998,52.505,462.63,4.8123e-08,CME_0110_param_inv.txt,      557.077,      3.96615
111,2004-01-21 04:54:05.000,2004-01-21 06:50:53.840,2004-01-23 23:00:00,29.0,490,64.15166666666667,0.32225,2004-01-21 04:54:05,762.0,-9999.0,360.0,FH,1324.1,223.85,10.574445127743612,-3.015161841907905,20.0,79.00879373510753,1.1519173063162575,-9999.0,S,10,-81.0,824.074,0,447.72,9.7475e-08,CME_0111_param_inv.txt,      489.538,      5.67923
112,2004-07-20 13:31:52.000,2004-07-20 16:25:41.920,2004-07-22 18:00:00,38.0,560,49.571666666666665,0.51345,2004-07-20 13:31:52,710.0,-9999.0,360.0,FH,1208.3,337.63,-20.57856824863503,1.5640958380832382,20.0,69.36464800265354,1.1519173063162575,-9999.0,S,11,-99.0,770.67,34.217,307.68,1.5986e-08,CME_0112_param_inv.txt,      546.000,      1.99000
113,2004-07-22 07:31:49.000,2004-07-22 10:04:29.200,2004-07-24 14:00:00,25.0,560,51.925,0.41733,2004-07-22 07:31:49,700.0,66.0,151.0,PH,1037.5,178.53,26.998650067496623,9.99950002499875,20.0,61.340096474947714,1.1519173063162575,-9999.0,S,20,-136.0,760.4,0,295.22,1.2997e-08,CME_0113_param_inv.txt,      361.154,      4.97692
114,2004-07-23 16:30:06.000,2004-07-23 19:10:13.320,2004-07-25 20:00:00,26.0,640,48.82944444444445,2.0423,2004-07-23 16:06:06,824.0,-9999.0,360.0,FH,1054.7,838.79,29.606168854371518,1.82342578580714,83.25312344212571,60.3428124731068,1.1519173063162575,-9999.0,S,6,0,887.7479999999999,0,473.79,2.4433e-08,CME_0114_param_inv.txt,      510.692,      5.96538
115,2004-07-25 15:06:05.000,2004-07-25 17:12:47.120,2004-07-27 02:00:00,20.0,870,32.78666666666667,0.14987,2004-07-25 14:54:05,1333.0,-9999.0,360.0,FH,1575.9,248.41,48.37982533915537,-5.604681643945202,20.0,41.37727296049038,1.1519173063162575,-9999.0,S,16,-170.0,1410.491,37.865,202.36,6.5215e-09,CME_0115_param_inv.txt,      566.231,      6.42000
116,2004-09-12 00:36:06.000,2004-09-12 02:58:54.720,2004-09-14 15:00:00,45.0,550,60.018055555555556,0.089992,2004-09-12 00:36:06,1328.0,-9999.0,360.0,FH,1716.6,76.012,67.66441118629379,-8.666377787407086,20.0,22.06707450228421,1.1519173063162575,-9999.0,S,6,-38.0,1405.356,67.365,525.58,1.8562e-07,CME_0116_param_inv.txt,      305.462,      5.08231
117,2004-09-14 10:12:05.000,2004-09-14 13:23:08.480,2004-09-18 12:00:00,36.0,400,94.61416666666666,1.1595,2004-09-14 10:12:05,462.0,-9999.0,360.0,FH,860.8,328.81,33.6877620559486,-4.35361575960601,26.265854295718057,56.06502805015637,0.7853981633974483,-9999.0,S,6,-33.0,515.9739999999999,0,0,0,CME_0117_param_inv.txt,      607.000,      5.33385
118,2004-11-04 23:30:05.000,2004-11-05 01:39:34.880,2004-11-07 22:00:00,36.0,630,68.34027777777777,0.22692,2004-11-04 23:30:05,1055.0,338.0,293.0,FH,1366.0,315.66,-17.588234154632218,7.633230439673054,20.0,70.87493077178247,1.1519173063162575,-9999.0,S,18,-374.0,1124.985,-7.2321,0,0,CME_0118_param_inv.txt,      410.923,      6.70154
119,2004-11-07 16:54:05.000,2004-11-07 18:03:16.520,2004-11-09 20:00:00,51.0,640,49.945277777777775,0.12433,2004-11-07 16:54:05,1759.0,-9999.0,360.0,FH,2187.7,238.47,33.41680133140955,-4.8380738703732815,20.0,56.275051558730475,1.1519173063162575,-9999.0,S,14,-263.0,1847.993,0,601.6,1.4131e-07,CME_0119_param_inv.txt,      474.769,      16.8900
120,2004-11-10 02:26:05.000,2004-11-10 03:00:17.720,2004-11-12 08:00:00,39.0,520,52.995,0.069105,2004-11-10 02:26:05,3387.0,-9999.0,360.0,FH,4236.6,495.08,18.41848805039832,-0.29619216026132483,20.0,71.57921313113206,1.1519173063162575,-9999.0,S,7,-92.0,3519.9489999999996,0,463.28,9.1028e-08,CME_0120_param_inv.txt,      786.000,      10.8146
121,2005-01-05 15:30:06.000,2005-01-05 18:07:08.640,2005-01-08 21:00:00,21.0,460,74.88083333333333,0.46771,2005-01-05 15:30:06,735.0,-9999.0,360.0,FH,1225.4,358.99,10.680850153746158,-1.486101822454438,20.0,79.21744855927246,1.1519173063162575,4500000000000000.0,S,9,0,796.3449999999999,29.377,447.95,3.032e-07,CME_0121_param_inv.txt,      647.923,      2.71462
122,2005-01-13 17:54:05.000,2005-01-13 20:33:41.000,2005-01-16 14:00:00,17.0,520,65.43861111111111,1.5331,2005-01-13 17:54:05,495.0,-9999.0,360.0,FH,1043.7,628.74,-16.10610907781845,1.9381941961160782,20.0,73.78075633097599,1.1519173063162575,420000000000000.0,S,8,-65.0,549.865,0,498.45,1.8923e-07,CME_0122_param_inv.txt,      731.462,      2.37231
123,2005-01-17 09:30:05.000,2005-01-17 10:23:55.244,2005-01-18 23:00:00,28.0,800,36.60111111111111,0.1216,2005-01-17 09:30:05,2094.0,-9999.0,360.0,FH,2882.4,387.08,1.5045691086178272,-2.4445414691706167,20.0,87.1297844346434,1.1519173063162575,3.2e+16,S,12,-80.0,2192.038,0,701.69,7.3721e-08,CME_0123_param_inv.txt,      637.615,      8.11231
124,2005-01-20 06:54:05.000,2005-01-20 09:38:45.200,2005-01-21 19:00:00,22.0,810,33.35388888888889,0.32564,2005-01-20 06:54:05,882.0,-9999.0,360.0,FH,1041.4,127.38,-27.011786660666964,-1.3597023148842555,20.0,62.956583798188,1.1519173063162575,-9999.0,S,19,-97.0,947.314,0,0,0,CME_0124_param_inv.txt,      673.769,      1.77692
125,2005-02-17 00:06:05.000,2005-02-17 02:13:40.040,2005-02-20 12:00:00,43.0,410,81.77194444444444,0.21406,2005-02-17 00:06:05,1135.0,-9999.0,360.0,FH,1373.9,143.31,17.025409691806168,-7.602944401111979,22.43208999333255,71.40010945419019,1.1519173063162575,-9999.0,S,5,-43.0,1207.145,0,395.75,2.3498e-07,CME_0125_param_inv.txt,      397.077,      13.8800
126,2005-05-13 17:12:05.000,2005-05-13 18:23:43.400,2005-05-15 06:00:00,90.0,630,35.60444444444445,0.42152,2005-05-13 17:12:05,1689.0,-9999.0,360.0,FH,2264.8,820.51,-10.634649685683714,11.66604655701306,20.0,74.26400237565946,1.1519173063162575,-9999.0,S,15,-247.0,1776.1029999999998,0,207.02,1.4653e-08,CME_0126_param_inv.txt,      570.538,      4.21538
127,2005-05-16 13:50:07.000,2005-05-16 19:09:22.960,2005-05-20 03:00:00,47.0,430,79.84361111111112,0.72682,2005-05-16 13:50:07,405.0,331.0,140.0,PH,614.04,137.07,44.91762107929736,-2.3312910236325455,20.0,45.034840069684144,0.7853981633974483,4300000000000000.0,S,10,-83.0,457.43499999999995,2.3815,401.03,1.0374e-07,CME_0127_param_inv.txt,      618.769,     0.667692
128,2005-05-26 15:06:05.000,2005-05-26 17:45:01.040,2005-05-30 01:00:00,22.0,460,79.24944444444445,0.31735,2005-05-26 15:06:05,586.0,-9999.0,360.0,FH,1013.2,118.74,-12.115736085278295,4.009179276414472,20.0,77.24758030191904,1.1519173063162575,-9999.0,S,15,-113.0,643.322,0,457.39,1.3386e-06,CME_0128_param_inv.txt,      310.462,      7.46385
129,2005-05-26 22:26:05.000,2005-05-27 01:43:20.360,2005-05-31 04:00:00,23.0,460,98.2775,0.60588,2005-05-26 21:26:10,420.0,144.0,199.0,HH,810.04,151.65,-11.130159177102685,-7.830134636167464,20.0,76.41996553772343,0.7853981633974483,1300000000000000.0,S,4,0,472.84,0,0,0,CME_0129_param_inv.txt,      309.692,      7.05154
130,2005-07-07 17:06:07.000,2005-07-07 20:50:48.640,2005-07-10 10:00:00,42.0,430,61.153055555555554,0.41497,2005-07-07 17:06:07,683.0,-9999.0,360.0,FH,858.0,99.42,-10.989157474042102,6.880758487358545,28.043081818334848,77.05689790062371,0.7853981633974483,-9999.0,S,12,-92.0,742.9409999999999,0,0,0,CME_0130_param_inv.txt,      352.769,      5.36692
131,2005-08-05 08:54:05.000,2005-08-05 12:11:29.000,2005-08-09 00:00:00,19.0,480,83.8086111111111,0.56507,2005-08-05 08:54:05,494.0,23.0,233.0,HH,871.48,155.74,11.978881811735324,13.445605342682283,20.0,72.0660517711359,0.7853981633974483,2900000000000000.0,S,6,-23.0,548.838,0,0,0,CME_0131_param_inv.txt,      398.923,      6.03769
132,2005-08-22 01:31:48.000,2005-08-22 03:20:16.080,2005-08-24 14:00:00,9.0,660,58.661944444444444,0.16404,2005-08-22 01:31:48,1194.0,-9999.0,360.0,FH,1593.9,148.09,28.488845057747113,1.3613844307784608,20.0,61.48136855568237,1.1519173063162575,5300000000000000.0,S,20,-216.0,1267.7379999999998,0,0,0,CME_0132_param_inv.txt,      556.231,      2.11462
133,2005-08-31 11:30:05.000,2005-08-31 14:20:55.280,2005-09-02 18:00:00,10.0,650,51.65111111111111,0.4603,2005-08-31 11:30:05,825.0,-9999.0,360.0,FH,1621.3,376.98,-10.943856907154641,-1.9252282385880712,20.0,78.89012515470796,1.1519173063162575,2400000000000000.0,S,10,-60.0,888.775,96.721,622.92,1.932e-07,CME_0133_param_inv.txt,      406.692,      42.5108
134,2005-09-09 19:48:05.000,2005-09-09 20:55:48.320,2005-09-11 05:00:00,26.0,900,32.069722222222225,0.4321,2005-09-09 19:48:05,2257.0,-9999.0,360.0,FH,2586.4,647.45,-49.230463976801154,-7.0561681915904195,20.0,40.3964107996964,1.1519173063162575,1.6e+17,S,10,-139.0,2359.439,-121.0,743.78,5.0744e-08,CME_0134_param_inv.txt,      464.923,      12.7477
135,2006-04-10 06:06:04.000,2006-04-10 13:57:40.000,2006-04-13 15:00:00,16.0,520,73.03888888888889,1.6861,2006-04-10 06:06:04,183.0,232.0,251.0,HH,319.46,73.803,33.12479310413793,-10.796432551348977,20.0,55.351760051373525,0.5585053606381855,3000000000000000.0,F,18,-98.0,229.44099999999997,0,522.44,1.5406e-06,CME_0135_param_inv.txt,      684.154,      2.43615
136,2006-07-06 08:54:04.000,2006-07-06 11:44:37.720,2006-07-10 21:00:00,22.0,380,105.25611111111111,0.27254,2006-07-06 08:54:04,911.0,-9999.0,360.0,FH,1139.1,218.33,-19.57509274536273,-6.09309994500275,20.0,69.53409689087978,1.1519173063162575,-9999.0,S,8,-27.0,977.0969999999999,1.3886,0,0,CME_0136_param_inv.txt,      584.154,      2.61923
137,2006-08-16 16:30:04.000,2006-08-16 18:23:25.840,2006-08-20 13:00:00,27.0,400,90.60944444444445,0.2332,2006-08-16 16:30:04,888.0,-9999.0,360.0,FH,1373.7,167.74,9.634407659234077,-14.068122187781222,20.0,73.00419117301703,1.1519173063162575,1e+16,S,8,-79.0,953.4759999999999,0,397.53,1.2387e-06,CME_0137_param_inv.txt,      299.000,      6.66308
138,2006-08-26 20:57:06.000,2006-08-26 23:16:20.880,2006-08-30 20:00:00,35.0,400,92.72749999999999,0.27371,2006-08-26 20:57:06,786.0,164.0,208.0,HH,1291.5,156.52,-6.024735226477352,-7.588754324567543,20.0,80.32146856751422,1.1519173063162575,7400000000000000.0,S,8,-35.0,848.722,0,0,0,CME_0138_param_inv.txt,      328.692,      6.10000
139,2006-12-13 02:54:04.000,2006-12-13 04:04:10.600,2006-12-14 22:00:00,15.0,740,41.930277777777775,0.15376,2006-12-13 02:54:04,1774.0,-9999.0,360.0,FH,2234.5,302.88,22.98931035741652,-6.000951910336543,20.0,66.2815503669955,1.1519173063162575,4700000000000000.0,S,13,-162.0,1863.398,0,674.66,9.7146e-08,CME_0139_param_inv.txt,      628.308,      1.79231
140,2006-12-14 22:30:04.000,2006-12-15 01:00:50.440,2006-12-17 00:00:00,17.0,580,46.98583333333333,0.081841,2006-12-14 22:30:04,1042.0,-9999.0,360.0,FH,1194.4,74.221,31.286893008043297,197.537668119028,20.0,-54.573133160101854,1.1519173063162575,7500000000000000.0,S,4,-56.0,1111.634,-11.511,175.82,8.8225e-09,CME_0140_param_inv.txt,      776.000,      10.8077
141,2007-11-15 18:50:04.000,2007-11-16 15:44:58.000,2007-11-19 23:00:00,13.0,460,79.25055555555555,0.5826,2007-11-15 18:50:04,125.0,279.0,199.0,HH,234.24,19.566,62.57378601609237,-395.0753362380551,20.0,22.145417208697754,0.5585053606381855,380000000000000.0,S,18,-59.0,169.875,1.9549,0,0,CME_0141_param_inv.txt,      594.538,      2.87462
142,2008-12-12 08:54:04.000,2008-12-12 21:38:06.400,2008-12-17 03:00:00,11.0,350,101.36472222222223,0.22146,2008-12-12 08:54:04,203.0,297.0,184.0,HH,422.42,18.229,181.59619989581873,-356.4026096753471,20.0,-86.0648097606802,0.5585053606381855,810000000000000.0,S,9,-15.0,249.981,6.8798,331.25,1.1609e-07,CME_0142_param_inv.txt,      371.615,      6.02538
143,2010-02-07 03:54:03.000,2010-02-07 08:51:53.040,2010-02-11 08:00:00,19.0,360,95.135,0.46657,2010-02-07 03:54:03,421.0,-9999.0,360.0,FH,614.4,59.949,-2.943267336633169,21.827254637268133,20.0,67.98480956068826,0.7853981633974483,-9999.0,S,7,-7.0,473.86699999999996,0,343.46,1.6574e-07,CME_0143_param_inv.txt,      363.077,      5.95846
144,2010-04-03 10:33:58.000,2010-04-03 13:24:56.920,2010-04-05 12:00:00,26.0,640,46.58416666666667,0.28458,2010-04-03 10:33:58,668.0,-9999.0,360.0,FH,953.76,96.071,31.37117734113294,-4.3152342382880855,20.0,58.363434903287285,1.1519173063162575,-9999.0,S,9,-81.0,727.536,0,0,0,CME_0144_param_inv.txt,      449.769,      5.10923
145,2010-04-08 04:54:07.000,2010-04-08 19:21:21.400,2010-04-12 01:00:00,14.0,410,77.6438888888889,0.066438,2010-04-08 04:54:07,264.0,249.0,160.0,PH,164.99,17.949,-238.91196636353365,-622.3869509981344,20.0,3.9225384188666936,0.5585053606381855,1300000000000000.0,S,11,-67.0,312.628,-2.5652,0,0,CME_0145_param_inv.txt,      594.923,      2.41000
146,2010-05-24 14:06:05.000,2010-05-24 17:36:20.120,2010-05-28 19:00:00,22.0,360,97.39416666666666,0.54732,2010-05-24 14:06:05,427.0,-9999.0,360.0,FH,809.19,125.3,10.177523224767754,4.753712662873372,20.0,78.77763491468639,0.7853981633974483,-9999.0,S,14,-80.0,480.02899999999994,0,352.6,3.792e-07,CME_0146_param_inv.txt,      318.077,      6.15538
147,2010-10-26 01:36:05.000,2010-10-26 18:22:56.600,2010-10-31 05:00:00,40.0,340,106.6175,0.33282,2010-10-26 01:36:05,214.0,198.0,83.0,N,395.9,5.2497,-909.2100295781667,-295.42024662245024,20.0,-25.069701100106315,0.7243116395776468,1.9e+16,F,9,-11.0,261.278,6.5388,332.83,3.2195e-07,CME_0147_param_inv.txt,      612.077,      2.30923
148,2011-02-15 02:24:05.000,2011-02-15 05:07:09.440,2011-02-18 19:00:00,37.0,470,85.88055555555556,0.20454,2011-02-15 02:24:05,669.0,-9999.0,360.0,FH,1136.6,88.499,-2.194739910167516,-14.50392323094529,20.0,75.3344849805402,1.1519173063162575,4300000000000000.0,S,10,-32.0,728.563,0,0,0,CME_0148_param_inv.txt,      417.231,      15.9354
149,2011-03-03 06:12:05.000,2011-03-03 13:39:30.560,2011-03-06 09:00:00,45.0,430,67.34138888888889,1.0405,2011-03-03 06:12:05,263.0,169.0,206.0,HH,530.26,136.8,-9.333740914584759,-18.364880446477322,20.0,69.47249977325485,0.7853981633974483,1400000000000000.0,S,6,-27.0,311.601,8.2248,0,0,CME_0149_param_inv.txt,      632.846,      2.89538
150,2011-03-24 17:48:06.000,2011-03-25 10:31:57.600,2011-03-29 23:00:00,29.0,360,108.46722222222222,1.0736,2011-03-24 17:48:06,193.0,87.0,36.0,N,202.05,13.27,50.03317416825443,954.6898352253726,20.0,-21.794355006111264,0.3141592653589793,110000000000000.0,F,12,-4.0,239.71099999999998,0,366.63,3.7088e-07,CME_0150_param_inv.txt,      493.462,      6.79308
151,2011-05-25 05:24:07.000,2011-05-25 16:45:03.400,2011-05-28 05:00:00,16.0,510,60.248888888888885,0.19418,2011-05-25 05:24:07,276.0,320.0,38.0,N,329.55,47.173,732.338487621743,-614.5049548603316,20.0,-15.128478730870553,0.3316125578789226,110000000000000.0,S,11,-80.0,324.952,1.5415,0,0,CME_0151_param_inv.txt,      372.692,      7.97846
152,2011-06-02 07:24:05.000,2011-06-02 20:36:23.000,2011-06-05 02:00:00,17.0,510,53.39361111111111,0.52172,2011-06-02 07:24:05,253.0,74.0,61.0,N,258.6,10.34,263.5093121610512,918.9661813170328,20.0,6.136918995155468,0.5323254218582705,140000000000000.0,F,12,-45.0,301.33099999999996,0,0,0,CME_0152_param_inv.txt,      461.154,      3.61385
153,2011-06-14 07:24:07.000,2011-06-14 12:12:07.360,2011-06-17 05:00:00,8.0,500,64.79777777777778,0.58891,2011-06-14 06:12:05,571.0,64.0,188.0,HH,941.28,85.111,6.50055242237888,17.131074946252685,20.0,71.71166892107922,1.1519173063162575,1.5e+16,F,9,-5.0,627.9169999999999,29.409,450.76,7.8326e-08,CME_0153_param_inv.txt,      524.923,      4.95077
154,2011-08-02 06:36:05.000,2011-08-02 09:26:39.440,2011-08-05 05:00:00,9.0,430,67.55555555555556,0.30059,2011-08-02 06:36:05,712.0,288.0,268.0,HH,990.79,246.61,24.467528191196816,9.851762137297712,20.0,63.737230434485426,1.1519173063162575,5100000000000000.0,F,5,-15.0,772.7239999999999,-21.254,329.03,3.451e-08,CME_0154_param_inv.txt,      494.769,      1.63538
155,2011-08-04 04:12:05.000,2011-08-04 05:53:12.800,2011-08-06 22:00:00,24.0,540,64.11305555555555,0.14374,2011-08-04 04:12:05,1315.0,-9999.0,360.0,FH,1533.4,331.24,34.94053890800761,23.81800995424895,20.0,48.58442646618006,1.1519173063162575,1.1e+16,S,4,-115.0,1392.0049999999999,-67.3,527.62,3.4568e-07,CME_0155_param_inv.txt,      354.462,      3.25846
156,2011-09-06 23:05:57.000,2011-09-07 02:43:56.520,2011-09-10 03:00:00,12.0,470,72.2675,0.24899,2011-09-06 23:05:57,575.0,-9999.0,360.0,FH,753.29,126.86,27.488279351412146,16.1962810406094,20.0,58.41867243700574,0.7853981633974483,1.5e+16,F,14,-75.0,632.025,-3.4675,440.99,1.2021e-07,CME_0156_param_inv.txt,      406.077,      4.60923
157,2011-09-14 00:00:05.000,2011-09-14 03:08:49.160,2011-09-17 14:00:00,16.0,430,82.85277777777777,0.46577,2011-09-14 00:00:05,408.0,334.0,242.0,HH,896.62,128.09,-10.00080920211998,-6.441092432306309,20.0,78.12223445241742,0.7853981633974483,2500000000000000.0,S,11,-72.0,460.51599999999996,0,423.84,5.3711e-07,CME_0157_param_inv.txt,      540.077,      2.45462
158,2011-09-24 12:48:07.000,2011-09-24 14:05:30.280,2011-09-26 20:00:00,43.0,580,53.908055555555556,0.57279,2011-09-24 12:48:07,1915.0,-9999.0,360.0,FH,2541.4,748.78,41.860896151298114,11.19641629479632,20.0,46.93606613830781,1.1519173063162575,1.6e+16,S,7,-118.0,2008.205,53.752,543.16,1.3727e-07,CME_0158_param_inv.txt,      369.308,      6.22846
159,2011-10-02 02:00:06.000,2011-10-02 14:49:57.600,2011-10-05 10:00:00,12.0,450,67.16722222222222,0.15561,2011-10-02 02:00:06,259.0,167.0,103.0,PH,261.6,3.2888,-84.60840833834824,-7.540294730650923,20.0,5.344833293177823,0.5585053606381855,300000000000000.0,S,12,-43.0,307.493,0,0,0,CME_0159_param_inv.txt,      487.615,      4.02231
160,2011-10-22 01:25:53.000,2011-10-22 04:54:11.840,2011-10-24 22:00:00,18.0,460,65.09666666666666,0.45888,2011-10-22 01:25:53,593.0,-9999.0,360.0,FH,966.1,151.43,40.428603330878815,-6.284175325678858,20.0,49.168936828448736,1.1519173063162575,1.6e+16,F,21,-147.0,650.511,17.703,363.56,3.7164e-08,CME_0160_param_inv.txt,      338.000,      5.05846
161,2011-10-27 12:00:06.000,2011-10-27 16:13:00.360,2011-11-02 01:00:00,27.0,380,128.78305555555556,0.32398,2011-10-27 12:00:06,570.0,-9999.0,360.0,FH,724.61,117.78,-14.891918073902515,30.468574439277084,20.0,56.403801143619326,0.7853981633974483,5800000000000000.0,S,6,-66.0,626.89,-5.7423,0,0,CME_0161_param_inv.txt,      426.538,      1.99462
162,2011-11-09 13:36:05.000,2011-11-09 16:02:44.480,2011-11-13 10:00:00,40.0,370,89.95416666666667,0.18027,2011-11-09 13:36:05,907.0,-9999.0,360.0,FH,1131.0,188.96,14.538835588063032,2.5624677361751975,20.0,75.24186929466846,1.1519173063162575,1.4e+16,F,5,-13.0,972.9889999999999,-29.958,355.01,2.0205e-07,CME_0162_param_inv.txt,      342.462,      6.21615
163,2011-11-26 07:12:06.000,2011-11-26 10:03:52.440,2011-11-29 00:00:00,8.0,450,61.93527777777778,0.21186,2011-11-26 07:12:06,933.0,-9999.0,360.0,FH,1173.8,166.3,20.93744056541344,10.518042257815086,20.0,66.6756339051065,1.1519173063162575,1.2e+16,S,15,-25.0,999.6909999999999,10.263,329.38,3.1872e-08,CME_0163_param_inv.txt,      394.077,      4.18846
164,2012-01-18 12:24:05.000,2012-01-18 19:03:45.680,2012-01-21 06:00:00,26.0,320,58.937222222222225,0.59738,2012-01-18 12:24:05,267.0,172.0,203.0,HH,465.94,44.57,-31.41418744765691,5.550604617442283,20.0,58.14866300459038,0.5585053606381855,2200000000000000.0,S,10,-10.0,315.709,0,0,0,CME_0164_param_inv.txt,      396.077,      5.18154
165,2012-01-19 14:36:05.000,2012-01-19 17:32:31.160,2012-01-22 23:00:00,8.0,450,77.45777777777778,0.16904,2012-01-19 14:36:05,1120.0,-9999.0,360.0,FH,1772.3,97.494,-21.328746937551045,4.43954934084432,20.0,68.23521775865214,1.1519173063162575,1.9e+16,S,9,-71.0,1191.74,119.0,442.26,4.604e-07,CME_0165_param_inv.txt,      380.769,      3.36231
166,2012-02-24 03:46:02.000,2012-02-24 07:14:15.080,2012-02-27 19:00:00,21.0,440,83.76222222222222,0.18437,2012-02-24 03:46:02,800.0,341.0,189.0,HH,995.19,115.54,10.487996200379962,17.538068193180685,20.0,69.65012890498242,1.1519173063162575,6300000000000000.0,S,13,-57.0,863.0999999999999,18.003,438.84,2.8408e-06,CME_0166_param_inv.txt,      445.615,      3.90154
167,2012-03-07 00:24:06.000,2012-03-07 01:16:10.296,2012-03-09 03:00:00,52.0,550,49.73027777777778,0.61788,2012-03-07 00:24:06,2684.0,-9999.0,360.0,FH,3567.4,840.76,-6.927238001813539,11.374222183001441,20.0,76.70613256321228,1.1519173063162575,1.4e+16,F,7,-145.0,2797.968,-139.8,479.97,7.795e-08,CME_0167_param_inv.txt,      382.385,      12.3792
168,2012-03-13 17:36:05.000,2012-03-13 18:56:12.440,2012-03-15 17:00:00,17.0,680,46.06305555555555,0.35424,2012-03-13 17:36:05,1884.0,-9999.0,360.0,FH,2283.1,578.84,41.77320266993325,9.97999975000625,20.0,47.26520548712539,1.1519173063162575,2.3e+16,S,9,-88.0,1976.368,10.002,629.59,1.1597e-07,CME_0168_param_inv.txt,      566.462,     0.847692
169,2012-05-12 00:00:05.000,2012-05-12 01:49:45.440,2012-05-16 16:00:00,30.0,370,110.17055555555555,0.57666,2012-05-12 00:00:05,805.0,-9999.0,360.0,FH,1493.5,463.99,-5.38564646867331,-1.2212022004899326,53.35764807144378,84.47803225693069,1.1519173063162575,4600000000000000.0,F,10,-39.0,868.2349999999999,0,0,0,CME_0169_param_inv.txt,      555.000,      1.65769
170,2012-06-14 14:12:07.000,2012-06-14 16:40:10.360,2012-06-16 23:00:00,13.0,440,54.33027777777778,0.1756,2012-06-14 14:12:07,987.0,-9999.0,360.0,FH,1179.4,173.85,-8.843335488668343,-25.33473035119084,20.0,63.2627442109088,1.1519173063162575,1.2e+16,S,28,-86.0,1055.149,-15.758,26.173,7.9214e-09,CME_0170_param_inv.txt,      361.846,      4.41308
171,2012-07-02 08:36:04.000,2012-07-02 10:39:26.680,2012-07-05 00:00:00,32.0,470,61.3425,0.20582,2012-07-02 08:36:04,1074.0,-9999.0,360.0,FH,1350.5,286.91,6.598509806853354,17.89063155066576,20.0,70.96872441645506,1.1519173063162575,6000000000000000.0,S,8,-19.0,1144.4979999999998,-37.398,387.68,5.0304e-08,CME_0171_param_inv.txt,      614.538,      3.02462
172,2012-07-04 17:24:04.000,2012-07-04 20:39:47.200,2012-07-09 00:00:00,14.0,410,99.33666666666667,0.4536,2012-07-04 17:24:04,662.0,-9999.0,360.0,FH,953.92,140.6,20.569541889999154,-12.54355243229665,20.0,66.049902470005,1.1519173063162575,340000000000000.0,S,12,-78.0,721.3739999999999,0,0,0,CME_0172_param_inv.txt,      488.154,      2.90538
173,2012-07-12 16:48:05.000,2012-07-12 18:59:30.440,2012-07-15 06:00:00,47.0,490,59.00805555555556,0.94641,2012-07-12 16:48:05,885.0,-9999.0,360.0,FH,1379.7,618.67,4.636879026610878,-13.536452231209879,20.0,75.70543863156324,1.1519173063162575,6900000000000000.0,S,16,-139.0,950.3949999999999,0,403.91,4.9857e-08,CME_0173_param_inv.txt,      460.769,      1.54077
174,2012-09-28 00:12:05.000,2012-09-28 02:45:48.200,2012-10-01 00:00:00,24.0,370,69.23638888888888,0.15815,2012-09-28 00:12:05,947.0,-9999.0,360.0,FH,999.16,260.76,33.04059158767135,3.162375172734419,20.0,56.82550427343508,1.1519173063162575,9200000000000000.0,S,14,-122.0,1014.069,-42.44,185.35,1.6798e-08,CME_0174_param_inv.txt,      387.692,      2.97615
175,2012-10-05 02:48:05.000,2012-10-05 07:22:19.520,2012-10-08 18:00:00,18.0,390,82.62777777777778,0.59097,2012-10-05 02:48:05,612.0,258.0,284.0,FH,1066.9,113.91,42.48888682226356,-14.377903241935163,20.0,45.586842877451964,1.1519173063162575,1e+16,S,16,-107.0,670.024,43.405,364.55,1.273e-07,CME_0175_param_inv.txt,      312.385,      5.69846
176,2012-10-27 16:48:05.000,2012-10-27 23:58:50.120,2012-11-01 00:00:00,27.0,340,96.01916666666666,0.92955,2012-10-27 16:48:05,317.0,-9999.0,360.0,FH,605.03,79.811,16.600134085772762,-3.991540663062246,20.0,72.93985949429025,0.7853981633974483,4900000000000000.0,F,11,-65.0,367.05899999999997,14.534,306.42,7.6454e-08,CME_0176_param_inv.txt,      311.462,      6.73154
177,2012-11-09 15:12:08.000,2012-11-09 19:29:33.800,2012-11-13 08:00:00,19.0,380,84.50722222222223,0.365,2012-11-09 15:12:08,559.0,175.0,276.0,FH,822.42,146.06,2.068269695505075,2.1730676155397415,20.0,87.00034820605431,0.7853981633974483,5000000000000000.0,S,21,-108.0,615.593,12.213,346.52,9.1283e-08,CME_0177_param_inv.txt,      351.154,      6.77538
178,2012-11-20 12:00:07.000,2012-11-20 15:38:22.720,2012-11-24 12:00:00,22.0,380,92.36027777777778,0.49126,2012-11-20 12:00:07,619.0,-9999.0,360.0,FH,986.34,155.76,18.689859630052517,18.7628996690965,20.0,63.7570417328664,1.1519173063162575,8400000000000000.0,F,12,-40.0,677.213,15.626,373.06,4.2853e-07,CME_0178_param_inv.txt,      391.846,      6.44846
179,2012-11-23 13:48:06.000,2012-11-23 17:19:00.720,2012-11-26 12:00:00,41.0,450,66.68305555555555,0.55857,2012-11-23 13:48:06,519.0,-9999.0,360.0,FH,912.76,231.65,-2.9759868503287423,-1.968443813904653,20.0,86.43239809223836,1.1519173063162575,6900000000000000.0,F,6,-8.0,574.5129999999999,8.8008,349.63,3.4106e-08,CME_0179_param_inv.txt,      317.308,      10.9138
180,2013-01-13 12:00:06.000,2013-01-13 22:37:25.200,2013-01-17 16:00:00,20.0,390,89.37611111111111,0.55336,2013-01-13 12:00:06,229.0,348.0,176.0,PH,391.87,93.407,20.79711226804832,-4.355227748576571,20.0,68.77154896194035,0.5585053606381855,320000000000000.0,F,12,-52.0,276.683,4.6234,0,0,CME_0180_param_inv.txt,      416.846,      6.08154
181,2013-03-15 07:12:05.000,2013-03-15 09:23:02.720,2013-03-17 15:00:00,49.0,520,53.615833333333335,0.21222,2013-03-15 07:12:05,1063.0,-9999.0,360.0,FH,1402.0,313.96,38.731313594773425,1.9518689021849638,20.0,51.2272568571536,1.1519173063162575,1.3e+16,F,9,-132.0,1133.2009999999998,24.431,388.89,3.4401e-08,CME_0181_param_inv.txt,      475.077,      11.1223
182,2013-04-11 07:24:06.000,2013-04-11 09:26:44.760,2013-04-14 17:00:00,30.0,410,79.55416666666666,0.27367,2013-04-11 07:24:06,861.0,-9999.0,360.0,FH,1336.7,367.06,-17.094550600455,5.746129410101358,20.0,71.99290587711846,1.1519173063162575,2.2e+16,S,9,-6.0,925.747,-40.551,389.59,1.6741e-07,CME_0182_param_inv.txt,      386.154,      8.04231
183,2013-06-23 22:36:05.000,2013-06-24 09:05:47.000,2013-06-28 02:00:00,34.0,390,88.9036111111111,1.9868,2013-06-23 22:36:05,174.0,284.0,174.0,PH,291.45,59.428,8.876965490640519,-12.579580768663003,20.0,74.64506298943476,0.5585053606381855,390000000000000.0,F,10,-102.0,220.19799999999998,0,0,0,CME_0183_param_inv.txt,      549.538,      3.14769
184,2013-07-09 15:12:09.000,2013-07-09 20:30:55.800,2013-07-13 05:00:00,43.0,430,80.48444444444445,0.27335,2013-07-09 15:12:09,449.0,-9999.0,360.0,FH,600.4,32.91,5.143069484721647,-15.480393422951106,20.0,73.7074676607609,0.7853981633974483,3400000000000000.0,S,13,-81.0,502.62299999999993,0,404.61,1.183e-07,CME_0184_param_inv.txt,      347.462,      12.8669
185,2013-09-29 22:12:05.000,2013-09-30 00:31:59.840,2013-10-02 23:00:00,23.0,470,70.46666666666667,0.17994,2013-09-29 22:12:05,1179.0,-9999.0,360.0,FH,1382.7,109.74,27.375530886461927,19.926346646436507,58.8000071365507,56.60000498939631,1.1519173063162575,2.2e+16,F,7,-72.0,1252.3329999999999,0,449.16,1.8498e-07,CME_0185_param_inv.txt,      294.154,      8.48000
186,2013-10-06 14:43:22.000,2013-10-06 18:01:46.480,2013-10-09 09:00:00,39.0,480,62.97027777777778,0.34294,2013-10-06 14:43:22,567.0,-9999.0,360.0,FH,869.57,96.571,10.040163072894686,-12.062784018278727,20.0,74.35331391245266,0.7853981633974483,460000000000000.0,F,6,-69.0,623.809,0,339.59,2.3093e-08,CME_0186_param_inv.txt,     0.000000,     0.000000
187,2013-12-12 03:36:05.000,2013-12-12 05:50:26.480,2013-12-15 16:00:00,13.0,460,82.15916666666666,0.23145,2013-12-12 03:36:05,1002.0,214.0,276.0,FH,1290.5,265.95,-12.119374221881486,-1.3593707219106517,20.0,77.80576048651515,1.1519173063162575,1.4e+16,S,7,-23.0,1070.5539999999999,-33.06,0,0,CME_0187_param_inv.txt,      319.615,      5.78385
188,2014-02-04 01:25:46.000,2014-02-04 03:53:12.280,2014-02-08 01:00:00,35.0,420,93.11305555555555,0.32026,2014-02-04 01:25:46,528.0,233.0,181.0,HH,956.41,223.58,-50.24946289325597,-13.97408015478804,20.0,38.354252234789776,1.1519173063162575,6900000000000000.0,F,9,-39.0,583.756,-5.6127,0,0,CME_0188_param_inv.txt,      357.000,      7.16538
189,2014-02-12 06:00:05.000,2014-02-12 13:40:45.440,2014-02-16 05:00:00,11.0,380,87.32055555555556,2.2096,2014-02-12 06:00:05,373.0,-9999.0,360.0,FH,421.23,129.59,-7.658177645508172,-9.431346909800872,162.6060594820429,77.87289403108328,0.5585053606381855,5000000000000000.0,F,15,-24.0,424.57099999999997,0,0,0,CME_0189_param_inv.txt,      420.615,      1.44231
190,2014-04-02 13:36:20.000,2014-04-02 15:23:06.200,2014-04-05 22:00:00,31.0,380,78.61472222222223,0.20418,2014-04-02 13:36:20,1471.0,-9999.0,360.0,FH,1815.7,276.23,31.507353652926945,-1.779302973940522,inf,58.44760726610926,1.1519173063162575,1.4e+16,S,13,-15.0,1552.2169999999999,1.0945,346.95,1.0449e-07,CME_0190_param_inv.txt,      433.615,      4.05615
191,2014-04-18 13:25:51.000,2014-04-18 15:14:01.800,2014-04-21 07:00:00,26.0,540,63.766111111111115,0.13845,2014-04-18 13:25:51,1203.0,-9999.0,360.0,FH,1494.6,326.11,10.870499678962585,-23.104201941137326,20.0,64.5936713833036,1.1519173063162575,2e+16,S,6,-32.0,1276.981,21.187,526.12,3.0929e-07,CME_0191_param_inv.txt,      436.538,      4.42000
192,2014-08-15 17:48:07.000,2014-08-15 23:25:00.280,2014-08-19 16:00:00,37.0,360,88.58305555555556,0.37461,2014-08-15 17:48:07,342.0,-9999.0,360.0,FH,544.82,38.494,16.515773553523168,17.845093016633637,20.0,65.86926768160339,0.7853981633974483,2300000000000000.0,S,17,-28.0,392.734,0,257.39,1.9649e-08,CME_0192_param_inv.txt,      356.769,      5.45385
193,2014-09-10 18:00:05.000,2014-09-10 19:41:36.560,2014-09-12 22:00:00,28.0,600,50.30638888888889,0.18734,2014-09-10 18:00:05,1267.0,-9999.0,360.0,FH,1543.8,395.06,-7.198544738283369,16.460171305424755,20.0,72.07456216462877,1.1519173063162575,2.1e+16,S,20,-88.0,1342.7089999999998,-69.213,518.52,6.2385e-08,CME_0193_param_inv.txt,      375.923,      10.2677
194,2014-09-12 18:24:05.000,2014-09-12 21:06:02.480,2014-09-17 02:00:00,42.0,310,100.89916666666667,0.4168,2014-09-12 18:24:05,808.0,335.0,217.0,HH,1308.9,207.62,11.687988611668116,-0.301509964180446,20.0,78.30817715124444,1.1519173063162575,1.2e+16,S,9,-18.0,871.3159999999999,25.792,289.96,1.3465e-07,CME_0194_param_inv.txt,      659.000,      17.6531
195,2014-12-17 05:00:05.000,2014-12-17 08:23:00.200,2014-12-22 04:00:00,13.0,380,115.61638888888889,0.27995,2014-12-17 05:00:05,587.0,-9999.0,360.0,FH,800.78,152.9,3.922379229992787,-26.449699028903055,20.0,63.281793139582696,0.7853981633974483,1.2e+16,S,16,-71.0,644.3489999999999,-11.685,0,0,CME_0195_param_inv.txt,     0.000000,     0.000000
196,2015-01-03 03:12:08.000,2015-01-03 18:40:05.600,2015-01-07 07:00:00,13.0,450,84.33166666666666,5.47,2015-01-03 03:12:08,163.0,118.0,153.0,PH,208.69,79.533,61.47496550129354,5.369788404040964,129.60036073612935,28.38845680918918,0.5585053606381855,2800000000000000.0,F,16,-99.0,208.90099999999998,0,451.76,1.8582e-06,CME_0196_param_inv.txt,      455.308,      12.3062
197,2015-03-15 01:48:05.000,2015-03-15 04:15:42.800,2015-03-17 13:00:00,16.0,560,56.738055555555555,0.25458,2015-03-15 01:48:05,719.0,-9999.0,360.0,FH,1116.4,194.87,32.13623584606923,-22.187274545424245,20.0,51.63613022621858,1.1519173063162575,3e+16,S,20,-223.0,779.9129999999999,-18.333,495.51,6.8029e-08,CME_0197_param_inv.txt,      334.846,      11.4377
198,2015-06-21 02:36:05.000,2015-06-21 04:15:35.960,2015-06-23 02:00:00,36.0,610,45.739999999999995,0.27666,2015-06-21 02:36:05,1366.0,-9999.0,360.0,FH,1810.4,481.99,-8.55316474250287,8.555644297354972,20.0,77.92480564318113,1.1519173063162575,9600000000000000.0,F,14,-204.0,1444.3819999999998,4.1032,477.9,4.1416e-08,CME_0198_param_inv.txt,      314.538,      7.24231
200,2015-07-10 02:24:04.000,2015-07-10 12:26:13.600,2015-07-13 06:00:00,33.0,490,65.56277777777778,0.37579,2015-07-10 02:24:04,348.0,181.0,138.0,PH,613.06,14.088,-51.81863927529399,-19.736480538799047,20.0,35.58004702984531,0.7853981633974483,4800000000000000.0,S,8,-61.0,398.89599999999996,15.378,0,0,CME_0200_param_inv.txt,      349.308,      5.30308
201,2015-08-12 14:48:05.000,2015-08-12 19:38:27.920,2015-08-15 21:00:00,11.0,500,73.35888888888888,0.20863,2015-08-12 14:48:05,647.0,221.0,204.0,HH,783.18,56.621,7.629283035848206,-3.2753992300384978,20.0,81.70116242792307,0.7853981633974483,7700000000000000.0,F,12,-84.0,705.9689999999999,9.9856,497.56,1.5362e-06,CME_0201_param_inv.txt,      404.077,      5.94462
202,2015-09-04 19:36:04.000,2015-09-05 09:07:01.600,2015-09-08 00:00:00,39.0,460,62.882777777777775,0.64505,2015-09-04 19:36:04,217.0,127.0,64.0,N,242.33,12.156,-575.3351621333583,763.4955476052119,20.0,-36.28424726146482,0.5585053606381855,1800000000000000.0,S,15,-94.0,264.359,0,0,0,CME_0202_param_inv.txt,     0.000000,     0.000000
203,2015-09-18 05:00:06.000,2015-09-18 08:04:42.120,2015-09-21 08:00:00,17.0,510,71.92138888888888,0.31498,2015-09-18 05:00:06,823.0,201.0,131.0,PH,1247.9,189.29,-5.244957700845981,-10.781035179296417,20.0,78.02441298219992,1.1519173063162575,7800000000000000.0,F,5,-75.0,886.7209999999999,45.936,508.1,2.0254e-06,CME_0203_param_inv.txt,      380.077,      6.72769
204,2015-11-04 14:48:04.000,2015-11-04 17:54:55.480,2015-11-07 06:00:00,34.0,500,60.08444444444444,0.33999,2015-11-04 14:48:04,578.0,-9999.0,360.0,FH,948.3,110.52,3.4407066995413227,5.969260772291406,20.0,83.11322547901331,1.1519173063162575,6600000000000000.0,S,13,-89.0,635.106,0,365.72,2.6493e-08,CME_0204_param_inv.txt,      661.538,      1.34538
205,2015-12-16 09:36:04.000,2015-12-16 12:04:07.000,2015-12-20 03:00:00,41.0,400,86.93138888888889,0.36738,2015-12-16 09:36:04,579.0,-9999.0,360.0,FH,1079.9,169.37,-4.349999552025413,-0.830704447489601,20.0,85.57154207753453,1.1519173063162575,2300000000000000.0,S,15,-155.0,636.1329999999999,0,391.32,3.6333e-07,CME_0205_param_inv.txt,      541.308,      1.93077
206,2015-12-28 12:12:05.000,2015-12-28 14:25:11.960,2015-12-31 17:00:00,42.0,440,74.58,0.19284,2015-12-28 12:12:05,1212.0,-9999.0,360.0,FH,1520.5,237.89,7.896405986998162,-22.94382447730112,20.0,65.80497737883168,1.1519173063162575,1.9e+16,S,10,-117.0,1286.224,17.08,420.32,1.8584e-07,CME_0206_param_inv.txt,      455.000,      3.17923
207,2016-01-14 23:24:05.000,2016-01-15 11:30:23.000,2016-01-19 10:00:00,38.0,370,94.49361111111111,1.3133,2016-01-14 23:24:05,191.0,-9999.0,360.0,FH,264.55,30.133,11.44546826987136,-27.521753675876546,20.0,60.36579026018836,0.5585053606381855,3000000000000000.0,F,14,-93.0,237.65699999999998,0,0,0,CME_0207_param_inv.txt,      466.538,      2.65923
208,2016-04-10 11:12:05.000,2016-04-10 16:02:12.440,2016-04-14 09:00:00,19.0,420,88.96305555555556,0.2475,2016-04-10 11:12:05,543.0,26.0,136.0,PH,685.6,121.65,70.08326291842705,10.922139596510087,20.0,19.541130092655443,0.7853981633974483,4600000000000000.0,S,8,-59.0,599.161,4.4028,0,0,CME_0208_param_inv.txt,      353.154,      11.0992
209,2016-07-17 10:48:05.000,2016-07-17 17:45:17.960,2016-07-20 07:00:00,56.0,440,61.245,0.64782,2016-07-17 10:48:05,340.0,-9999.0,360.0,FH,510.31,73.047,-24.24193940447004,-13.362226767245,20.0,62.51546588005562,0.7853981633974483,610000000000000.0,F,10,-23.0,390.67999999999995,4.6344,0,0,CME_0209_param_inv.txt,      478.846,      2.13000
210,2016-07-28 22:24:05.000,2016-07-29 08:20:33.680,2016-08-02 14:00:00,13.0,420,101.65722222222222,0.78641,2016-07-28 22:24:05,265.0,252.0,120.0,PH,523.18,45.32,-35.77000399960004,-16.70986601339866,20.0,50.996564929452354,0.7853981633974483,390000000000000.0,S,20,-14.0,313.655,10.791,0,0,CME_0210_param_inv.txt,      539.692,      9.06077
211,2016-11-05 04:24:05.000,2016-11-05 12:45:10.040,2016-11-10 00:00:00,16.0,360,107.24694444444444,0.0056422,2016-11-05 04:24:05,350.0,58.0,33.0,N,560.15,1.1645,506.60281660694386,810.7339799255432,20.0,0.612776355825855,0.2879793265790644,590000000000000.0,S,11,-59.0,400.95,10.303,0,0,CME_0211_param_inv.txt,      352.923,      7.69308
212,2017-05-23 05:00:06.000,2017-05-23 10:07:51.120,2017-05-27 22:00:00,40.0,360,107.86888888888889,2.8492,2017-05-23 05:00:06,259.0,215.0,243.0,HH,573.68,329.94,0.9282420582086273,-2.2681010905074688,66.59041493733724,87.54939481969258,0.7853981633974483,-9999.0,F,16,-122.0,307.493,0,0,0,CME_0212_param_inv.txt,     0.000000,     0.000000
214,2017-09-04 20:36:05.000,2017-09-04 22:19:25.280,2017-09-07 20:00:00,8.0,490,69.67611111111111,0.14007,2017-09-04 20:36:05,1418.0,-9999.0,360.0,FH,1808.0,151.95,6.363323332940102,-11.236878221638905,20.0,77.1066526563055,1.1519173063162575,-9999.0,F,10,-17.0,1497.7859999999998,0,477.57,3.1769e-07,CME_0214_param_inv.txt,      504.538,      5.34308
215,2017-09-06 12:24:05.000,2017-09-06 14:00:38.840,2017-09-08 11:00:00,58.0,590,44.98916666666666,0.18527,2017-09-06 12:24:05,1571.0,-9999.0,360.0,FH,1845.7,361.77,31.801840180219017,-3.314008565267614,20.0,58.04397151275842,1.1519173063162575,-9999.0,S,7,-124.0,1654.917,-2.3911,420.03,3.1995e-08,CME_0215_param_inv.txt,      457.538,      3.48769
216,2018-03-06 01:25:41.000,2018-03-07 02:01:12.200,2018-03-09 22:00:00,26.0,410,67.97972222222222,1.3987,2018-03-06 01:25:41,127.0,234.0,136.0,PH,134.2,7.8708,-60.00186993766876,-11.346556781440619,20.0,29.35371769022366,0.5585053606381855,-9999.0,S,14,-39.0,171.929,0,0,0,CME_0216_param_inv.txt,      356.077,      8.82077
